MajorText,MinorText,BoroughName,202403,202404,202405,202406,202407,202408,202409,202410,202411,202412,202501,202502,202503,202504,202505,202506,202507,202508,202509,202510,202511,202512,202601,202602
ARSON AND CRIMINAL DAMAGE,ARSON,Barking and Dagenham,6,3,8,2,3,10,9,5,7,9,7,8,4,12,10,10,12,10,5,6,8,7,0,3
ARSON AND CRIMINAL DAMAGE,CRIMINAL DAMAGE,Barking and Dagenham,134,112,102,106,131,114,80,103,96,88,104,89,104,124,108,124,136,126,100,100,106,125,101,98
BURGLARY,BURGLARY BUSINESS AND COMMUNITY,Barking and Dagenham,30,24,28,33,21,26,31,29,24,22,17,14,24,20,28,25,24,23,23,16,22,23,26,29
BURGLARY,RES BURGLARY OF A HOME,Barking and Dagenham,45,42,30,31,28,34,31,48,40,60,56,35,58,30,31,35,31,29,31,33,64,52,47,40
BURGLARY,RES BURGLARY OF UNCONNECTED BUILDING,Barking and Dagenham,5,10,11,6,8,12,18,14,11,23,15,13,20,11,7,16,5,13,12,22,15,23,6,17
DRUG OFFENCES,POSSESSION OF DRUGS,Barking and Dagenham,64,60,58,64,49,51,82,68,71,52,86,52,57,104,97,84,65,108,81,99,93,93,85,72
DRUG OFFENCES,TRAFFICKING OF DRUGS,Barking and Dagenham,42,22,30,31,22,17,42,44,78,48,30,38,36,65,97,46,69,34,36,15,22,22,22,13
FRAUD AND FORGERY,FRAUD AND FORGERY,Barking and Dagenham,0,0,1,2,0,0,0,0,0,0,0,0,0,0,0,0,0,0,0,0,0,0,0,0
MISCELLANEOUS CRIMES AGAINST SOCIETY,MISC CRIMES AGAINST SOCIETY,Barking and Dagenham,16,20,29,17,28,24,26,27,26,24,25,17,31,28,31,34,32,22,21,24,20,24,25,18
POSSESSION OF WEAPONS,POSSESSION OF WEAPONS,Barking and Dagenham,8,12,10,4,9,7,18,8,13,6,10,7,13,16,19,23,10,16,10,17,12,11,17,14
PUBLIC ORDER OFFENCES,OTHER OFFENCES PUBLIC ORDER,Barking and Dagenham,12,25,13,15,18,14,22,18,13,21,12,10,6,19,24,16,20,12,9,15,16,20,17,26
PUBLIC ORDER OFFENCES,PUBLIC FEAR ALARM OR DISTRESS,Barking and Dagenham,68,65,76,56,68,61,80,68,55,45,55,42,74,66,54,75,66,73,58,61,51,50,63,45
PUBLIC ORDER OFFENCES,RACE OR RELIGIOUS AGG PUBLIC FEAR,Barking and Dagenham,21,22,23,20,28,41,37,29,16,22,12,17,14,22,27,39,23,22,41,33,19,18,18,17
PUBLIC ORDER OFFENCES,VIOLENT DISORDER,Barking and Dagenham,0,0,1,0,0,0,1,0,1,0,0,0,0,0,1,0,0,0,0,0,0,0,0,0
ROBBERY,ROBBERY OF BUSINESS PROPERTY,Barking and Dagenham,10,8,10,15,9,17,16,19,17,9,9,15,13,19,25,14,23,20,11,13,14,13,13,10
ROBBERY,ROBBERY OF PERSONAL PROPERTY,Barking and Dagenham,101,63,43,51,46,35,60,92,67,38,32,74,108,71,49,45,59,33,57,81,83,58,61,32
SEXUAL OFFENCES,OTHER SEXUAL OFFENCES,Barking and Dagenham,36,35,38,26,43,27,33,31,34,33,24,29,36,44,32,31,46,40,32,39,41,35,34,41
SEXUAL OFFENCES,RAPE,Barking and Dagenham,18,35,23,21,16,22,21,27,36,27,18,28,16,18,27,32,29,38,28,23,16,17,24,18
THEFT,BICYCLE THEFT,Barking and Dagenham,4,9,8,10,5,9,13,9,16,5,5,2,11,8,11,13,14,16,8,14,18,6,9,3
THEFT,OTHER THEFT,Barking and Dagenham,161,146,165,173,159,124,138,153,153,164,136,115,129,141,128,130,143,131,98,145,137,131,119,130
THEFT,SHOPLIFTING,Barking and Dagenham,109,115,130,137,186,167,163,158,158,85,110,94,98,86,79,87,95,67,87,89,81,74,76,63
THEFT,THEFT FROM THE PERSON,Barking and Dagenham,81,65,78,79,55,46,59,76,70,76,70,55,79,53,52,71,52,55,59,67,72,64,54,52
VEHICLE OFFENCES,AGGRAVATED VEHICLE TAKING,Barking and Dagenham,3,2,1,2,2,1,1,0,1,0,2,1,2,3,2,0,1,0,3,3,1,1,2,0
VEHICLE OFFENCES,INTERFERING WITH A MOTOR VEHICLE,Barking and Dagenham,25,17,15,20,22,16,16,30,37,14,22,13,9,14,15,28,12,14,20,25,26,23,18,15
VEHICLE OFFENCES,THEFT FROM A VEHICLE,Barking and Dagenham,91,107,82,82,68,77,87,98,107,55,77,66,77,59,46,67,71,51,58,75,70,60,77,70
VEHICLE OFFENCES,THEFT OR UNAUTH TAKING OF A MOTOR VEH,Barking and Dagenham,102,77,93,87,94,70,66,101,102,82,100,77,96,95,113,89,90,84,104,86,97,80,75,73
VIOLENCE AGAINST THE PERSON,DEATH SERIOUS INJURY ILLEGAL DRIVING,Barking and Dagenham,1,1,0,0,0,0,0,0,0,1,0,1,0,0,0,1,0,0,0,0,0,0,0,1
VIOLENCE AGAINST THE PERSON,HOMICIDE,Barking and Dagenham,0,1,0,0,1,0,0,1,0,0,0,0,0,0,0,0,0,0,0,0,0,0,0,0
VIOLENCE AGAINST THE PERSON,STALKING AND HARASSMENT,Barking and Dagenham,149,125,140,130,139,145,125,145,129,128,122,121,164,147,147,154,148,145,172,161,178,156,172,164
VIOLENCE AGAINST THE PERSON,VIOLENCE WITH INJURY,Barking and Dagenham,166,138,169,148,152,148,170,155,144,147,141,121,142,151,157,179,177,154,155,136,145,150,145,120
VIOLENCE AGAINST THE PERSON,VIOLENCE WITHOUT INJURY,Barking and Dagenham,264,224,308,262,284,281,256,308,317,306,282,230,331,360,301,305,339,299,327,299,312,286,262,263
ARSON AND CRIMINAL DAMAGE,ARSON,Barnet,3,4,3,11,4,9,7,5,5,1,5,5,6,6,8,7,5,5,4,1,7,4,6,8
ARSON AND CRIMINAL DAMAGE,CRIMINAL DAMAGE,Barnet,160,137,149,149,169,130,162,189,151,141,139,128,163,158,168,167,196,168,165,159,145,134,139,132
BURGLARY,BURGLARY - RESIDENTIAL,Barnet,0,0,0,0,0,0,0,0,0,0,0,0,0,0,0,0,0,1,0,0,0,0,0,0
BURGLARY,BURGLARY BUSINESS AND COMMUNITY,Barnet,62,37,38,47,52,33,55,66,46,37,60,33,36,43,39,35,22,43,30,50,35,28,31,29
BURGLARY,RES BURGLARY OF A HOME,Barnet,130,118,105,88,99,109,111,129,156,182,162,143,134,92,84,63,66,112,93,97,108,139,163,175
BURGLARY,RES BURGLARY OF UNCONNECTED BUILDING,Barnet,36,41,31,26,23,29,27,27,24,34,31,18,36,27,27,20,23,32,29,41,28,30,35,40
DRUG OFFENCES,POSSESSION OF DRUGS,Barnet,36,29,47,38,36,41,46,60,48,29,40,49,45,50,58,54,55,61,42,57,65,61,64,66
DRUG OFFENCES,TRAFFICKING OF DRUGS,Barnet,42,40,40,55,62,32,89,82,103,93,78,92,87,179,203,113,128,115,82,82,113,70,102,85
FRAUD AND FORGERY,FRAUD AND FORGERY,Barnet,0,2,1,0,0,1,0,0,0,0,0,0,0,0,1,0,0,0,0,0,0,0,0,0
MISCELLANEOUS CRIMES AGAINST SOCIETY,MISC CRIMES AGAINST SOCIETY,Barnet,30,20,19,17,27,19,36,38,34,32,36,22,29,29,32,34,36,30,40,25,34,31,32,36
POSSESSION OF WEAPONS,POSSESSION OF WEAPONS,Barnet,15,13,8,6,11,10,11,11,14,10,14,8,15,19,22,22,14,14,12,7,12,11,11,19
PUBLIC ORDER OFFENCES,OTHER OFFENCES PUBLIC ORDER,Barnet,19,14,22,29,17,28,19,14,28,10,17,24,17,18,24,18,34,23,24,30,27,9,17,28
PUBLIC ORDER OFFENCES,PUBLIC FEAR ALARM OR DISTRESS,Barnet,85,88,109,94,103,78,98,105,87,84,91,71,104,95,86,115,94,75,65,91,92,86,63,67
PUBLIC ORDER OFFENCES,RACE OR RELIGIOUS AGG PUBLIC FEAR,Barnet,33,32,51,61,46,56,37,30,51,30,29,34,32,37,34,51,41,40,67,43,38,33,46,32
PUBLIC ORDER OFFENCES,VIOLENT DISORDER,Barnet,0,0,0,0,0,0,0,0,1,1,0,0,0,0,0,0,0,0,0,0,0,0,0,0
ROBBERY,ROBBERY OF BUSINESS PROPERTY,Barnet,23,22,28,17,20,31,15,11,18,16,22,18,19,8,21,27,25,20,25,21,19,24,20,17
ROBBERY,ROBBERY OF PERSONAL PROPERTY,Barnet,54,63,55,47,46,43,40,44,51,34,30,27,32,40,58,35,34,42,35,49,44,48,48,49
SEXUAL OFFENCES,OTHER SEXUAL OFFENCES,Barnet,48,35,28,49,52,41,38,55,40,29,45,54,44,31,39,44,42,49,44,49,48,51,39,49
SEXUAL OFFENCES,RAPE,Barnet,17,15,27,22,17,23,23,19,22,24,21,18,16,24,29,28,18,24,17,31,19,34,14,31
THEFT,BICYCLE THEFT,Barnet,20,32,22,32,19,16,17,21,19,9,9,15,16,16,18,22,14,19,17,21,12,10,6,22
THEFT,OTHER THEFT,Barnet,255,255,264,258,243,219,270,276,257,223,241,187,227,202,208,228,258,183,226,185,239,228,192,198
THEFT,SHOPLIFTING,Barnet,228,267,253,234,290,262,239,236,274,224,255,214,252,225,268,227,271,282,252,263,262,296,356,298
THEFT,THEFT FROM THE PERSON,Barnet,91,100,77,82,107,66,66,81,81,92,79,105,105,89,81,91,92,70,86,85,99,65,73,77
VEHICLE OFFENCES,AGGRAVATED VEHICLE TAKING,Barnet,1,2,3,1,1,6,0,1,1,0,2,0,1,1,1,4,0,1,0,1,2,2,1,1
VEHICLE OFFENCES,INTERFERING WITH A MOTOR VEHICLE,Barnet,27,34,59,38,45,37,50,37,51,29,30,29,40,38,31,57,46,33,46,45,36,34,42,28
VEHICLE OFFENCES,THEFT FROM A VEHICLE,Barnet,173,176,219,156,208,205,173,205,192,136,162,124,165,137,124,112,146,152,160,164,185,133,180,152
VEHICLE OFFENCES,THEFT OR UNAUTH TAKING OF A MOTOR VEH,Barnet,126,152,155,143,135,139,127,135,144,120,148,155,155,101,148,154,122,139,146,206,143,123,116,108
VIOLENCE AGAINST THE PERSON,DEATH SERIOUS INJURY ILLEGAL DRIVING,Barnet,2,0,0,0,0,0,0,0,0,0,0,0,0,0,0,0,2,0,0,0,0,0,0,0
VIOLENCE AGAINST THE PERSON,HOMICIDE,Barnet,0,0,1,0,1,0,0,0,0,0,0,0,0,0,0,0,1,0,0,0,0,0,0,0
VIOLENCE AGAINST THE PERSON,STALKING AND HARASSMENT,Barnet,169,168,162,158,190,174,177,177,165,168,167,164,190,163,180,171,243,175,193,219,165,197,186,218
VIOLENCE AGAINST THE PERSON,VIOLENCE WITH INJURY,Barnet,157,133,177,166,172,168,150,161,155,137,130,144,147,162,159,147,181,127,151,151,121,164,140,140
VIOLENCE AGAINST THE PERSON,VIOLENCE WITHOUT INJURY,Barnet,261,246,286,318,309,274,294,274,274,295,293,246,322,294,289,307,378,279,297,355,297,330,331,323
ARSON AND CRIMINAL DAMAGE,ARSON,Bexley,9,7,6,11,9,13,9,3,5,5,4,3,6,5,7,9,5,3,1,0,5,6,2,1
ARSON AND CRIMINAL DAMAGE,CRIMINAL DAMAGE,Bexley,117,121,139,138,196,169,121,110,114,93,110,152,114,146,159,143,178,142,115,117,160,127,134,106
BURGLARY,BURGLARY BUSINESS AND COMMUNITY,Bexley,31,17,17,21,15,12,16,23,22,20,36,10,18,12,15,26,17,25,16,21,13,17,14,10
BURGLARY,RES BURGLARY OF A HOME,Bexley,38,42,27,22,24,25,20,34,45,41,33,36,33,26,20,28,20,27,38,38,65,30,35,70
BURGLARY,RES BURGLARY OF UNCONNECTED BUILDING,Bexley,14,8,10,9,8,12,8,14,8,6,12,14,14,11,5,7,10,7,5,19,11,13,9,8
DRUG OFFENCES,POSSESSION OF DRUGS,Bexley,48,33,32,38,37,50,44,43,50,28,62,40,49,36,45,48,45,37,48,54,47,75,53,48
DRUG OFFENCES,TRAFFICKING OF DRUGS,Bexley,16,29,19,20,26,14,23,38,28,29,43,16,38,51,65,30,42,22,26,31,29,42,46,31
FRAUD AND FORGERY,FRAUD AND FORGERY,Bexley,1,2,0,0,0,0,0,0,0,0,0,0,0,0,0,0,0,0,0,0,0,0,0,0
MISCELLANEOUS CRIMES AGAINST SOCIETY,MISC CRIMES AGAINST SOCIETY,Bexley,21,18,17,16,14,15,19,34,26,20,22,16,24,24,18,33,21,23,20,21,17,26,28,22
POSSESSION OF WEAPONS,POSSESSION OF WEAPONS,Bexley,11,5,6,9,6,12,8,8,4,7,7,6,8,9,14,7,13,9,11,14,14,9,10,8
PUBLIC ORDER OFFENCES,OTHER OFFENCES PUBLIC ORDER,Bexley,19,12,14,8,19,10,17,15,9,19,12,11,15,13,11,13,19,12,18,17,12,14,23,12
PUBLIC ORDER OFFENCES,PUBLIC FEAR ALARM OR DISTRESS,Bexley,56,53,66,83,70,73,65,69,37,54,55,44,61,64,71,65,67,48,60,63,67,58,49,51
PUBLIC ORDER OFFENCES,RACE OR RELIGIOUS AGG PUBLIC FEAR,Bexley,22,20,13,17,21,26,23,20,20,8,20,15,18,16,27,16,19,23,19,24,20,12,15,22
PUBLIC ORDER OFFENCES,VIOLENT DISORDER,Bexley,0,0,0,0,0,0,0,0,0,1,0,0,0,0,0,0,0,0,0,0,0,0,0,0
ROBBERY,ROBBERY OF BUSINESS PROPERTY,Bexley,18,13,7,8,13,17,6,11,11,5,14,2,9,6,11,10,17,20,17,16,9,11,16,6
ROBBERY,ROBBERY OF PERSONAL PROPERTY,Bexley,17,14,20,24,6,17,12,19,15,13,19,20,24,18,20,23,14,13,16,17,8,17,12,9
SEXUAL OFFENCES,OTHER SEXUAL OFFENCES,Bexley,15,34,33,37,35,19,30,38,31,23,29,26,34,24,25,36,42,38,21,45,25,25,25,26
SEXUAL OFFENCES,RAPE,Bexley,18,17,12,19,11,11,11,13,13,17,14,19,13,14,14,22,23,28,11,18,18,14,10,10
THEFT,BICYCLE THEFT,Bexley,7,16,6,7,6,9,12,2,4,1,4,3,6,5,10,3,10,8,7,1,9,3,2,3
THEFT,OTHER THEFT,Bexley,118,91,90,146,118,111,103,102,110,131,96,92,105,89,103,97,106,88,110,105,103,86,98,87
THEFT,SHOPLIFTING,Bexley,228,208,190,144,130,200,158,175,175,83,148,186,164,121,138,140,157,134,140,142,106,86,98,81
THEFT,THEFT FROM THE PERSON,Bexley,12,19,24,23,25,22,29,26,31,30,28,25,24,22,25,27,7,15,22,18,17,16,16,18
VEHICLE OFFENCES,AGGRAVATED VEHICLE TAKING,Bexley,2,1,1,0,3,0,0,0,2,3,0,1,0,0,3,1,2,0,2,0,1,2,0,1
VEHICLE OFFENCES,INTERFERING WITH A MOTOR VEHICLE,Bexley,39,23,32,27,34,32,30,35,31,21,12,39,18,18,17,16,20,18,14,28,24,33,24,16
VEHICLE OFFENCES,THEFT FROM A VEHICLE,Bexley,66,87,54,74,105,62,81,61,83,53,49,46,48,45,45,47,30,46,43,64,59,46,68,50
VEHICLE OFFENCES,THEFT OR UNAUTH TAKING OF A MOTOR VEH,Bexley,96,107,96,109,108,99,80,109,87,79,84,76,60,95,85,68,70,77,55,76,48,68,59,60
VIOLENCE AGAINST THE PERSON,DEATH SERIOUS INJURY ILLEGAL DRIVING,Bexley,0,1,0,1,0,1,0,0,2,1,0,0,1,0,0,0,0,0,0,0,0,0,0,3
VIOLENCE AGAINST THE PERSON,HOMICIDE,Bexley,0,0,0,0,0,0,0,0,1,0,0,0,1,0,0,0,0,0,0,0,0,0,0,0
VIOLENCE AGAINST THE PERSON,STALKING AND HARASSMENT,Bexley,118,120,111,115,123,109,91,127,119,95,106,109,137,103,124,132,123,143,136,121,106,127,112,123
VIOLENCE AGAINST THE PERSON,VIOLENCE WITH INJURY,Bexley,127,129,135,143,115,124,116,105,131,117,123,112,125,98,126,124,117,126,136,125,101,142,112,116
VIOLENCE AGAINST THE PERSON,VIOLENCE WITHOUT INJURY,Bexley,200,174,177,212,223,174,172,217,181,189,176,183,211,209,187,207,204,186,199,174,215,207,177,172
ARSON AND CRIMINAL DAMAGE,ARSON,Brent,6,8,8,5,5,12,9,3,14,8,7,5,5,7,7,4,11,7,1,5,5,7,6,3
ARSON AND CRIMINAL DAMAGE,CRIMINAL DAMAGE,Brent,173,145,178,189,183,157,155,178,142,140,151,122,170,162,172,170,201,149,166,184,160,135,158,166
BURGLARY,BURGLARY BUSINESS AND COMMUNITY,Brent,70,36,49,46,66,45,34,43,45,50,34,32,40,31,29,35,46,39,45,33,44,41,34,52
BURGLARY,RES BURGLARY OF A HOME,Brent,101,82,83,75,87,77,60,76,104,118,83,87,72,63,70,47,63,73,65,64,100,72,101,111
BURGLARY,RES BURGLARY OF UNCONNECTED BUILDING,Brent,41,20,29,35,30,19,15,20,16,27,21,14,28,20,25,14,30,17,24,33,45,35,27,20
DRUG OFFENCES,POSSESSION OF DRUGS,Brent,60,67,122,94,77,96,66,134,140,122,136,122,140,107,105,119,121,185,138,123,101,108,106,85
DRUG OFFENCES,TRAFFICKING OF DRUGS,Brent,46,49,63,39,29,38,67,68,64,60,51,46,55,79,126,108,125,107,175,229,161,71,61,27
FRAUD AND FORGERY,FRAUD AND FORGERY,Brent,2,0,0,1,1,0,0,0,0,0,0,0,0,0,0,0,0,0,0,0,0,0,0,0
MISCELLANEOUS CRIMES AGAINST SOCIETY,MISC CRIMES AGAINST SOCIETY,Brent,32,22,17,21,19,30,29,37,27,35,27,31,35,35,30,34,40,42,32,38,30,28,31,39
NFIB FRAUD,NFIB,Brent,1,0,0,0,0,0,0,0,0,0,0,0,0,0,0,0,0,0,0,0,0,0,0,0
POSSESSION OF WEAPONS,POSSESSION OF WEAPONS,Brent,19,6,31,17,20,17,25,22,13,13,17,19,22,30,24,28,21,28,18,19,14,23,30,21
PUBLIC ORDER OFFENCES,OTHER OFFENCES PUBLIC ORDER,Brent,26,29,28,24,17,21,23,33,26,22,34,13,20,24,21,19,38,32,28,24,29,22,12,28
PUBLIC ORDER OFFENCES,PUBLIC FEAR ALARM OR DISTRESS,Brent,104,110,117,156,132,99,128,118,118,65,93,76,103,92,140,125,149,105,109,113,94,100,84,87
PUBLIC ORDER OFFENCES,RACE OR RELIGIOUS AGG PUBLIC FEAR,Brent,45,35,54,46,55,44,40,36,36,28,31,30,44,32,42,54,62,49,62,49,48,39,45,37
PUBLIC ORDER OFFENCES,VIOLENT DISORDER,Brent,1,1,3,1,0,0,2,0,0,0,0,1,0,0,1,0,0,0,0,0,0,0,0,0
ROBBERY,ROBBERY OF BUSINESS PROPERTY,Brent,15,18,24,31,28,24,26,20,24,14,28,23,19,23,25,23,30,30,32,23,25,27,33,23
ROBBERY,ROBBERY OF PERSONAL PROPERTY,Brent,59,65,80,85,77,65,87,91,64,76,63,48,62,65,72,109,118,92,68,78,70,81,71,74
SEXUAL OFFENCES,OTHER SEXUAL OFFENCES,Brent,39,51,42,69,41,46,55,39,43,39,45,34,46,45,55,50,68,49,45,47,32,51,49,42
SEXUAL OFFENCES,RAPE,Brent,23,33,15,23,22,27,23,28,15,23,34,19,27,23,30,32,31,25,23,28,23,39,23,12
THEFT,BICYCLE THEFT,Brent,20,30,29,35,39,47,33,29,18,17,17,16,20,23,30,27,27,22,19,24,24,11,26,18
THEFT,OTHER THEFT,Brent,333,323,295,323,283,256,251,278,275,267,268,243,258,249,270,265,296,281,261,301,273,269,243,234
THEFT,SHOPLIFTING,Brent,239,223,231,240,301,319,346,305,257,253,298,246,238,247,266,271,284,328,252,200,201,213,195,178
THEFT,THEFT FROM THE PERSON,Brent,177,177,146,154,160,127,170,199,247,181,159,271,245,195,169,131,175,162,147,234,188,159,149,162
VEHICLE OFFENCES,AGGRAVATED VEHICLE TAKING,Brent,0,3,4,6,1,3,2,2,0,1,1,0,2,2,2,1,2,1,1,1,2,0,0,1
VEHICLE OFFENCES,INTERFERING WITH A MOTOR VEHICLE,Brent,34,44,41,44,34,41,25,35,26,23,20,22,23,20,27,25,22,19,26,35,23,19,24,17
VEHICLE OFFENCES,THEFT FROM A VEHICLE,Brent,150,175,191,184,175,176,158,144,134,140,129,126,108,99,115,134,141,157,131,132,140,108,116,99
VEHICLE OFFENCES,THEFT OR UNAUTH TAKING OF A MOTOR VEH,Brent,111,132,113,120,104,120,130,122,101,97,106,74,94,91,122,116,127,86,95,101,101,80,92,102
VIOLENCE AGAINST THE PERSON,DEATH SERIOUS INJURY ILLEGAL DRIVING,Brent,0,0,1,2,0,0,0,1,2,2,0,1,0,0,0,0,0,0,1,0,0,0,0,1
VIOLENCE AGAINST THE PERSON,HOMICIDE,Brent,2,0,0,0,0,0,0,0,0,2,0,0,1,0,1,0,0,1,1,0,0,3,0,1
VIOLENCE AGAINST THE PERSON,STALKING AND HARASSMENT,Brent,169,166,170,178,169,162,170,150,146,158,171,170,181,134,180,166,188,175,179,184,194,183,167,196
VIOLENCE AGAINST THE PERSON,VIOLENCE WITH INJURY,Brent,222,196,253,252,225,224,257,202,201,212,185,156,195,209,252,290,259,238,195,225,187,185,195,200
VIOLENCE AGAINST THE PERSON,VIOLENCE WITHOUT INJURY,Brent,401,407,398,414,443,391,384,398,369,353,354,358,440,417,447,453,487,447,395,451,383,374,354,392
ARSON AND CRIMINAL DAMAGE,ARSON,Bromley,9,10,8,9,12,13,9,7,14,6,8,4,6,15,11,13,4,9,6,6,9,7,6,6
ARSON AND CRIMINAL DAMAGE,CRIMINAL DAMAGE,Bromley,167,145,175,141,177,197,165,150,183,122,151,185,172,184,148,172,267,218,186,137,168,140,155,130
BURGLARY,BURGLARY BUSINESS AND COMMUNITY,Bromley,39,29,43,30,38,29,22,19,35,41,40,18,34,30,43,24,20,20,35,42,39,35,20,31
BURGLARY,RES BURGLARY OF A HOME,Bromley,64,51,37,48,40,54,55,71,94,117,109,73,69,63,48,55,38,38,59,50,87,77,78,51
BURGLARY,RES BURGLARY OF UNCONNECTED BUILDING,Bromley,25,28,16,18,18,11,13,21,15,14,20,13,9,19,16,8,17,13,13,16,19,13,13,15
DRUG OFFENCES,POSSESSION OF DRUGS,Bromley,47,43,44,34,38,57,45,56,64,55,44,44,66,54,55,52,71,88,82,69,58,80,57,71
DRUG OFFENCES,TRAFFICKING OF DRUGS,Bromley,13,20,26,18,34,33,62,52,44,31,38,26,39,49,54,27,38,19,31,19,23,45,38,15
FRAUD AND FORGERY,FRAUD AND FORGERY,Bromley,1,1,1,1,1,0,1,0,0,0,1,0,0,0,0,0,0,0,0,1,0,0,0,0
MISCELLANEOUS CRIMES AGAINST SOCIETY,MISC CRIMES AGAINST SOCIETY,Bromley,29,28,18,31,25,26,23,27,27,26,26,30,18,24,16,34,29,37,23,32,39,36,29,29
POSSESSION OF WEAPONS,POSSESSION OF WEAPONS,Bromley,9,13,10,8,7,13,12,12,15,9,9,9,16,12,10,24,16,17,21,13,22,9,11,12
PUBLIC ORDER OFFENCES,OTHER OFFENCES PUBLIC ORDER,Bromley,17,14,22,12,18,23,17,9,12,12,16,17,20,13,16,15,21,27,12,17,28,25,22,31
PUBLIC ORDER OFFENCES,PUBLIC FEAR ALARM OR DISTRESS,Bromley,88,86,85,90,79,94,91,105,81,88,81,77,98,94,81,115,123,106,89,90,63,58,61,81
PUBLIC ORDER OFFENCES,RACE OR RELIGIOUS AGG PUBLIC FEAR,Bromley,26,24,31,40,32,50,18,27,12,25,24,24,28,35,29,36,28,39,30,28,32,30,24,27
ROBBERY,ROBBERY OF BUSINESS PROPERTY,Bromley,14,12,16,7,17,13,20,10,21,23,21,12,16,22,12,17,12,22,18,12,23,23,7,19
ROBBERY,ROBBERY OF PERSONAL PROPERTY,Bromley,32,27,55,40,31,29,49,35,28,32,33,23,23,34,33,48,42,35,38,33,53,30,41,37
SEXUAL OFFENCES,OTHER SEXUAL OFFENCES,Bromley,35,26,43,36,54,34,28,46,42,26,41,38,44,43,47,32,46,41,38,34,46,43,38,30
SEXUAL OFFENCES,RAPE,Bromley,19,7,22,16,20,16,16,32,24,17,23,28,14,25,27,28,20,20,27,20,24,25,22,18
THEFT,BICYCLE THEFT,Bromley,13,11,13,14,13,11,13,22,8,4,5,4,7,7,17,16,15,26,15,21,5,6,4,6
THEFT,OTHER THEFT,Bromley,158,171,156,187,215,182,184,170,163,188,178,147,121,132,156,140,186,181,175,153,151,187,139,135
THEFT,SHOPLIFTING,Bromley,230,326,260,220,264,350,279,297,281,260,263,253,277,357,323,172,204,228,229,240,212,187,136,217
THEFT,THEFT FROM THE PERSON,Bromley,67,54,32,45,68,45,58,58,80,69,45,49,58,50,45,38,53,56,58,46,47,41,50,47
VEHICLE OFFENCES,AGGRAVATED VEHICLE TAKING,Bromley,3,0,1,0,1,2,1,1,3,0,1,2,0,3,3,0,0,1,1,2,1,2,2,2
VEHICLE OFFENCES,INTERFERING WITH A MOTOR VEHICLE,Bromley,45,52,49,45,51,54,39,40,56,46,36,43,44,51,42,27,38,32,48,49,48,30,40,32
VEHICLE OFFENCES,THEFT FROM A VEHICLE,Bromley,144,171,132,168,149,114,148,134,165,127,145,132,100,89,96,129,128,158,129,165,129,79,127,84
VEHICLE OFFENCES,THEFT OR UNAUTH TAKING OF A MOTOR VEH,Bromley,126,133,131,132,138,97,115,134,113,101,104,94,128,104,126,135,126,132,128,127,119,117,116,121
VIOLENCE AGAINST THE PERSON,DEATH SERIOUS INJURY ILLEGAL DRIVING,Bromley,1,0,0,0,0,0,0,0,0,0,1,0,1,1,0,1,2,1,1,1,0,0,1,0
VIOLENCE AGAINST THE PERSON,HOMICIDE,Bromley,0,0,0,0,1,0,0,0,0,0,0,0,1,0,0,0,0,0,0,0,0,0,0,0
VIOLENCE AGAINST THE PERSON,STALKING AND HARASSMENT,Bromley,175,130,156,167,143,154,152,138,147,151,150,145,145,145,158,186,186,138,140,188,170,171,134,155
VIOLENCE AGAINST THE PERSON,VIOLENCE WITH INJURY,Bromley,167,119,164,159,191,179,173,136,139,146,128,128,151,138,170,188,177,140,113,135,128,146,139,146
VIOLENCE AGAINST THE PERSON,VIOLENCE WITHOUT INJURY,Bromley,243,250,248,248,264,239,241,246,261,241,242,257,257,246,271,257,304,233,243,231,259,271,248,281
ARSON AND CRIMINAL DAMAGE,ARSON,Camden,5,11,2,5,3,5,2,1,4,3,6,3,5,6,4,7,2,2,1,5,3,4,3,6
ARSON AND CRIMINAL DAMAGE,CRIMINAL DAMAGE,Camden,125,147,172,165,169,154,136,143,161,144,124,122,120,137,165,153,171,148,149,152,124,118,138,116
BURGLARY,BURGLARY BUSINESS AND COMMUNITY,Camden,97,74,99,98,83,97,76,91,86,76,97,87,119,104,84,91,80,84,89,112,113,99,67,56
BURGLARY,RES BURGLARY OF A HOME,Camden,78,63,51,80,58,76,66,67,82,81,82,63,54,47,39,39,45,81,76,71,74,61,66,68
BURGLARY,RES BURGLARY OF UNCONNECTED BUILDING,Camden,40,28,33,33,41,25,32,42,39,49,47,31,24,32,32,32,38,35,39,31,44,49,41,21
DRUG OFFENCES,POSSESSION OF DRUGS,Camden,82,58,73,83,61,56,86,63,67,61,87,97,89,59,82,73,62,90,87,68,105,88,90,86
DRUG OFFENCES,TRAFFICKING OF DRUGS,Camden,25,50,59,64,43,24,59,49,57,88,69,62,69,76,81,41,51,26,31,41,66,55,38,43
FRAUD AND FORGERY,FRAUD AND FORGERY,Camden,0,1,2,1,1,0,0,0,0,0,0,0,0,0,0,0,0,0,0,0,0,0,0,0
MISCELLANEOUS CRIMES AGAINST SOCIETY,MISC CRIMES AGAINST SOCIETY,Camden,14,18,22,18,16,19,16,18,21,20,13,16,30,25,20,16,30,18,15,18,14,23,26,37
NFIB FRAUD,NFIB,Camden,1,0,0,0,0,0,0,0,0,0,0,0,0,0,0,0,0,0,0,0,0,0,0,0
POSSESSION OF WEAPONS,POSSESSION OF WEAPONS,Camden,15,9,16,9,13,7,14,15,11,8,9,14,20,13,14,14,15,16,14,11,14,8,21,14
PUBLIC ORDER OFFENCES,OTHER OFFENCES PUBLIC ORDER,Camden,23,19,25,26,21,23,27,23,18,20,22,19,30,18,34,26,19,18,25,24,21,30,29,25
PUBLIC ORDER OFFENCES,PUBLIC FEAR ALARM OR DISTRESS,Camden,103,107,104,115,112,130,117,135,120,100,120,98,125,116,173,137,144,100,134,135,123,115,109,74
PUBLIC ORDER OFFENCES,RACE OR RELIGIOUS AGG PUBLIC FEAR,Camden,34,38,47,51,47,51,76,53,62,56,49,35,33,56,47,52,64,57,58,75,63,36,49,43
PUBLIC ORDER OFFENCES,VIOLENT DISORDER,Camden,0,0,0,0,0,0,0,0,0,0,0,0,0,0,0,0,0,0,0,0,0,0,1,0
ROBBERY,ROBBERY OF BUSINESS PROPERTY,Camden,33,31,29,35,24,37,22,33,27,22,24,34,24,31,31,30,47,39,43,22,35,26,28,37
ROBBERY,ROBBERY OF PERSONAL PROPERTY,Camden,115,105,118,142,149,120,98,132,146,139,97,108,90,76,88,93,81,97,86,81,85,72,69,84
SEXUAL OFFENCES,OTHER SEXUAL OFFENCES,Camden,45,39,57,61,75,45,51,60,47,43,51,40,48,55,58,60,52,50,54,65,61,35,44,45
SEXUAL OFFENCES,RAPE,Camden,19,21,22,26,19,26,18,19,32,31,30,23,31,21,37,36,35,24,43,31,24,23,17,22
THEFT,BICYCLE THEFT,Camden,41,45,90,87,94,82,85,119,72,50,75,64,66,89,106,85,97,84,81,74,70,64,77,49
THEFT,OTHER THEFT,Camden,581,544,536,650,614,583,501,608,647,615,546,606,597,627,567,556,678,645,627,693,612,650,470,503
THEFT,SHOPLIFTING,Camden,261,329,329,292,388,402,386,327,409,304,295,284,328,356,348,405,433,434,396,271,333,344,308,380
THEFT,THEFT FROM THE PERSON,Camden,977,910,741,847,924,598,680,973,940,893,682,921,740,664,564,578,605,492,512,514,622,540,446,601
VEHICLE OFFENCES,AGGRAVATED VEHICLE TAKING,Camden,2,1,1,2,1,1,2,1,0,0,0,1,5,2,1,0,2,1,0,2,0,0,2,1
VEHICLE OFFENCES,INTERFERING WITH A MOTOR VEHICLE,Camden,25,18,28,20,24,22,31,17,21,26,14,22,22,19,24,16,18,25,12,15,33,11,16,11
VEHICLE OFFENCES,THEFT FROM A VEHICLE,Camden,157,159,188,175,208,210,164,196,193,185,150,170,154,137,121,124,146,194,198,128,146,131,110,117
VEHICLE OFFENCES,THEFT OR UNAUTH TAKING OF A MOTOR VEH,Camden,49,54,73,67,51,62,58,54,47,53,44,41,57,49,64,49,59,44,43,40,29,48,37,37
VIOLENCE AGAINST THE PERSON,DEATH SERIOUS INJURY ILLEGAL DRIVING,Camden,0,0,0,1,0,1,1,0,0,0,2,0,0,2,1,0,1,0,0,1,2,0,0,0
VIOLENCE AGAINST THE PERSON,HOMICIDE,Camden,0,1,0,0,0,1,0,1,0,0,0,0,0,0,0,2,0,0,1,0,0,0,0,0
VIOLENCE AGAINST THE PERSON,STALKING AND HARASSMENT,Camden,120,134,113,121,115,119,95,108,128,125,112,109,119,123,136,125,145,146,139,155,152,177,148,136
VIOLENCE AGAINST THE PERSON,VIOLENCE WITH INJURY,Camden,178,148,173,168,181,156,158,173,153,193,134,122,174,140,163,172,205,154,145,181,180,137,134,150
VIOLENCE AGAINST THE PERSON,VIOLENCE WITHOUT INJURY,Camden,313,249,285,372,294,273,342,300,297,329,304,303,296,302,323,310,349,329,319,357,326,297,290,284
ARSON AND CRIMINAL DAMAGE,ARSON,Croydon,4,12,7,7,10,16,11,5,16,5,7,9,13,8,7,12,10,15,4,8,2,5,6,9
ARSON AND CRIMINAL DAMAGE,CRIMINAL DAMAGE,Croydon,216,198,206,220,276,245,205,226,225,237,206,184,201,206,235,175,244,233,202,218,190,200,204,201
BURGLARY,BURGLARY BUSINESS AND COMMUNITY,Croydon,41,68,48,59,45,61,37,42,52,54,45,42,43,48,67,44,70,44,31,34,31,33,35,35
BURGLARY,RES BURGLARY OF A HOME,Croydon,110,79,48,75,84,80,101,85,96,128,126,84,85,77,67,84,93,82,67,84,104,95,78,99
BURGLARY,RES BURGLARY OF UNCONNECTED BUILDING,Croydon,21,23,19,26,13,24,25,27,21,25,14,17,10,14,12,20,24,30,27,30,20,26,21,23
DRUG OFFENCES,POSSESSION OF DRUGS,Croydon,89,73,77,50,98,87,83,87,93,104,99,103,120,124,136,123,93,129,130,116,134,127,120,128
DRUG OFFENCES,TRAFFICKING OF DRUGS,Croydon,37,43,50,38,65,88,93,110,131,190,148,108,149,141,119,57,64,35,44,31,38,40,66,54
FRAUD AND FORGERY,FRAUD AND FORGERY,Croydon,1,5,1,0,1,0,0,2,1,0,0,1,1,0,0,0,0,0,0,0,0,0,0,0
MISCELLANEOUS CRIMES AGAINST SOCIETY,MISC CRIMES AGAINST SOCIETY,Croydon,27,37,31,31,47,36,38,54,34,54,43,35,44,39,55,44,63,45,39,33,32,28,36,57
POSSESSION OF WEAPONS,POSSESSION OF WEAPONS,Croydon,29,25,19,17,26,19,21,33,23,22,20,24,24,27,20,27,26,24,25,14,35,21,25,34
PUBLIC ORDER OFFENCES,OTHER OFFENCES PUBLIC ORDER,Croydon,31,25,33,38,25,35,22,23,25,23,35,21,25,31,31,28,35,45,31,31,40,34,34,29
PUBLIC ORDER OFFENCES,PUBLIC FEAR ALARM OR DISTRESS,Croydon,105,117,112,158,124,143,112,106,106,114,87,107,137,112,123,122,135,107,115,117,108,104,98,80
PUBLIC ORDER OFFENCES,RACE OR RELIGIOUS AGG PUBLIC FEAR,Croydon,57,38,50,36,55,61,41,38,40,27,26,52,33,55,51,55,51,41,43,36,45,34,54,30
PUBLIC ORDER OFFENCES,VIOLENT DISORDER,Croydon,0,0,0,0,0,3,0,0,1,0,0,0,0,0,0,0,0,0,0,0,0,0,0,0
ROBBERY,ROBBERY OF BUSINESS PROPERTY,Croydon,25,31,24,18,20,34,27,23,18,17,18,23,22,19,42,27,31,36,31,27,24,26,25,15
ROBBERY,ROBBERY OF PERSONAL PROPERTY,Croydon,101,77,114,98,72,63,74,88,89,74,50,65,64,66,76,80,76,53,66,63,54,64,71,48
SEXUAL OFFENCES,OTHER SEXUAL OFFENCES,Croydon,62,56,65,69,77,53,64,75,68,56,66,74,61,68,62,70,89,78,56,55,74,65,77,71
SEXUAL OFFENCES,RAPE,Croydon,43,20,40,36,41,43,41,41,40,40,58,43,40,39,44,43,26,42,47,32,32,29,39,23
THEFT,BICYCLE THEFT,Croydon,14,16,22,16,19,15,17,18,19,13,14,17,23,11,17,15,15,19,14,19,18,19,13,16
THEFT,OTHER THEFT,Croydon,251,223,246,248,239,281,246,225,237,263,238,196,227,216,212,258,269,218,225,221,232,226,221,191
THEFT,SHOPLIFTING,Croydon,321,342,423,332,332,469,406,479,285,227,261,222,258,313,278,223,257,285,273,220,214,224,281,289
THEFT,THEFT FROM THE PERSON,Croydon,78,77,69,61,58,64,100,74,87,72,69,77,55,60,79,55,62,87,78,48,79,55,69,56
VEHICLE OFFENCES,AGGRAVATED VEHICLE TAKING,Croydon,2,6,1,3,0,3,5,3,5,2,2,1,1,3,0,1,0,3,5,1,3,2,3,1
VEHICLE OFFENCES,INTERFERING WITH A MOTOR VEHICLE,Croydon,59,32,40,22,36,37,41,31,32,41,52,31,29,27,20,42,34,31,35,36,34,27,30,30
VEHICLE OFFENCES,THEFT FROM A VEHICLE,Croydon,143,188,165,154,138,148,159,152,162,164,159,164,108,110,107,101,117,127,115,115,78,100,130,83
VEHICLE OFFENCES,THEFT OR UNAUTH TAKING OF A MOTOR VEH,Croydon,131,129,144,119,147,159,120,119,129,108,111,88,147,151,172,150,165,164,178,181,145,119,153,132
VIOLENCE AGAINST THE PERSON,DEATH SERIOUS INJURY ILLEGAL DRIVING,Croydon,0,0,2,2,0,0,0,0,1,0,0,0,0,2,0,0,0,0,0,0,0,1,0,2
VIOLENCE AGAINST THE PERSON,HOMICIDE,Croydon,0,1,0,0,0,0,0,0,0,0,1,0,0,1,1,1,1,0,0,0,0,0,0,1
VIOLENCE AGAINST THE PERSON,STALKING AND HARASSMENT,Croydon,246,204,220,208,218,216,236,239,197,198,212,211,257,187,223,258,244,242,220,247,210,227,245,244
VIOLENCE AGAINST THE PERSON,VIOLENCE WITH INJURY,Croydon,265,250,283,303,314,291,233,245,269,260,250,231,284,252,277,323,300,257,227,221,200,225,246,185
VIOLENCE AGAINST THE PERSON,VIOLENCE WITHOUT INJURY,Croydon,475,362,426,476,484,458,400,465,488,435,444,372,460,407,513,485,528,448,414,442,480,464,478,425
ARSON AND CRIMINAL DAMAGE,ARSON,Ealing,8,8,4,5,8,12,6,9,4,4,9,4,0,8,4,5,13,7,4,6,4,8,7,10
ARSON AND CRIMINAL DAMAGE,CRIMINAL DAMAGE,Ealing,163,146,156,158,182,189,170,131,155,117,167,159,170,174,183,183,189,167,183,194,189,170,158,165
BURGLARY,BURGLARY BUSINESS AND COMMUNITY,Ealing,66,56,54,51,45,39,52,58,34,29,46,39,29,41,49,35,50,47,43,54,37,45,34,32
BURGLARY,RES BURGLARY OF A HOME,Ealing,79,68,53,50,60,47,64,100,92,117,113,116,82,53,61,37,50,64,60,93,138,122,127,92
BURGLARY,RES BURGLARY OF UNCONNECTED BUILDING,Ealing,20,28,23,15,21,15,16,25,39,20,21,13,23,17,16,13,21,25,25,28,26,29,29,25
DRUG OFFENCES,POSSESSION OF DRUGS,Ealing,57,50,55,56,48,61,54,63,48,52,64,59,72,59,50,101,90,102,75,79,68,68,66,59
DRUG OFFENCES,TRAFFICKING OF DRUGS,Ealing,33,48,40,48,38,22,75,84,61,56,50,36,44,120,134,137,151,60,69,133,173,81,75,49
FRAUD AND FORGERY,FRAUD AND FORGERY,Ealing,2,0,0,0,0,0,0,0,0,0,0,0,0,0,1,0,0,0,0,0,0,0,0,0
MISCELLANEOUS CRIMES AGAINST SOCIETY,MISC CRIMES AGAINST SOCIETY,Ealing,27,27,25,29,30,16,32,37,34,29,26,31,27,35,32,29,33,40,27,39,26,26,24,37
NFIB FRAUD,NFIB,Ealing,1,0,1,0,0,0,0,0,0,0,0,0,0,0,0,0,0,0,0,0,0,0,0,0
POSSESSION OF WEAPONS,POSSESSION OF WEAPONS,Ealing,16,14,19,20,21,19,12,10,16,11,12,16,14,14,14,26,30,13,27,23,17,23,14,10
PUBLIC ORDER OFFENCES,OTHER OFFENCES PUBLIC ORDER,Ealing,24,19,22,17,15,18,19,20,15,14,16,17,23,17,27,31,29,26,18,30,19,20,22,32
PUBLIC ORDER OFFENCES,PUBLIC FEAR ALARM OR DISTRESS,Ealing,92,106,119,116,137,123,117,137,121,108,109,79,119,129,135,132,129,128,97,109,112,98,90,90
PUBLIC ORDER OFFENCES,RACE OR RELIGIOUS AGG PUBLIC FEAR,Ealing,32,34,49,33,65,64,35,40,39,29,52,28,53,33,44,44,33,52,26,40,39,52,28,39
PUBLIC ORDER OFFENCES,VIOLENT DISORDER,Ealing,0,1,0,0,1,0,0,1,0,0,1,0,0,0,0,0,0,0,1,0,0,0,1,0
ROBBERY,ROBBERY OF BUSINESS PROPERTY,Ealing,13,17,18,26,17,24,32,26,14,16,8,19,24,20,18,19,24,29,23,23,23,17,25,20
ROBBERY,ROBBERY OF PERSONAL PROPERTY,Ealing,68,51,78,70,80,63,68,54,45,51,56,57,59,40,71,62,73,45,38,35,48,45,41,57
SEXUAL OFFENCES,OTHER SEXUAL OFFENCES,Ealing,34,35,57,61,58,64,46,54,51,48,56,44,49,57,66,66,63,54,51,52,49,40,57,67
SEXUAL OFFENCES,RAPE,Ealing,27,22,24,25,28,25,31,36,12,13,32,29,30,34,22,29,31,23,26,22,38,36,19,27
THEFT,BICYCLE THEFT,Ealing,41,34,39,50,31,65,59,33,44,21,25,18,19,44,30,32,42,32,40,32,26,26,17,19
THEFT,OTHER THEFT,Ealing,294,261,244,319,258,253,243,267,277,232,210,227,182,225,231,219,267,236,250,228,240,240,211,201
THEFT,SHOPLIFTING,Ealing,221,184,216,214,284,199,265,316,314,292,285,322,371,273,180,232,273,250,174,208,200,161,201,163
THEFT,THEFT FROM THE PERSON,Ealing,121,113,92,116,102,114,94,123,135,79,106,79,140,147,97,111,115,51,73,113,115,91,106,109
VEHICLE OFFENCES,AGGRAVATED VEHICLE TAKING,Ealing,4,4,2,1,0,3,1,2,0,3,0,2,1,2,0,1,1,0,0,0,0,1,0,2
VEHICLE OFFENCES,INTERFERING WITH A MOTOR VEHICLE,Ealing,30,31,36,36,46,25,33,44,35,29,37,31,27,18,32,30,33,38,26,35,34,30,38,30
VEHICLE OFFENCES,THEFT FROM A VEHICLE,Ealing,328,270,235,259,236,209,247,258,251,223,299,223,205,207,227,258,216,228,237,231,233,218,188,245
VEHICLE OFFENCES,THEFT OR UNAUTH TAKING OF A MOTOR VEH,Ealing,88,99,107,85,88,97,98,95,95,103,91,102,81,96,108,85,89,99,87,93,107,84,95,74
VIOLENCE AGAINST THE PERSON,DEATH SERIOUS INJURY ILLEGAL DRIVING,Ealing,0,0,0,1,1,0,1,0,1,0,1,0,0,0,0,0,1,0,1,0,0,0,1,1
VIOLENCE AGAINST THE PERSON,HOMICIDE,Ealing,2,1,0,1,0,0,0,0,0,2,0,2,0,1,0,1,0,0,0,1,0,0,0,0
VIOLENCE AGAINST THE PERSON,STALKING AND HARASSMENT,Ealing,152,174,165,188,185,183,158,183,185,185,186,174,190,189,188,210,222,198,216,242,193,193,183,207
VIOLENCE AGAINST THE PERSON,VIOLENCE WITH INJURY,Ealing,228,213,249,237,213,194,213,181,229,210,202,186,230,214,251,233,252,230,202,204,216,203,190,190
VIOLENCE AGAINST THE PERSON,VIOLENCE WITHOUT INJURY,Ealing,398,376,402,443,448,376,348,366,462,405,397,347,441,409,410,471,499,449,401,438,418,419,363,424
ARSON AND CRIMINAL DAMAGE,ARSON,Enfield,4,2,7,6,13,9,8,5,14,5,5,7,9,4,5,4,4,4,6,4,7,6,4,2
ARSON AND CRIMINAL DAMAGE,CRIMINAL DAMAGE,Enfield,178,164,179,165,168,162,153,149,162,128,145,135,146,167,168,168,184,148,142,188,161,150,145,142
BURGLARY,BURGLARY BUSINESS AND COMMUNITY,Enfield,46,35,39,41,66,53,39,46,61,46,53,37,23,35,44,37,21,33,32,46,26,37,47,45
BURGLARY,RES BURGLARY OF A HOME,Enfield,121,99,98,58,104,84,108,116,111,115,124,106,97,72,74,60,69,105,119,99,149,119,133,145
BURGLARY,RES BURGLARY OF UNCONNECTED BUILDING,Enfield,15,24,27,13,12,9,20,14,18,20,25,22,27,19,15,17,12,21,17,16,14,25,30,13
DRUG OFFENCES,POSSESSION OF DRUGS,Enfield,71,43,68,61,58,60,104,104,117,77,107,75,86,71,113,113,86,112,94,81,117,82,96,115
DRUG OFFENCES,TRAFFICKING OF DRUGS,Enfield,46,53,29,47,41,32,77,91,76,95,83,57,62,111,114,58,83,58,77,73,33,55,75,26
FRAUD AND FORGERY,FRAUD AND FORGERY,Enfield,0,1,0,0,2,0,0,0,0,1,1,0,0,0,0,0,0,0,0,0,1,0,1,0
MISCELLANEOUS CRIMES AGAINST SOCIETY,MISC CRIMES AGAINST SOCIETY,Enfield,22,21,36,28,35,37,29,43,37,34,38,33,45,36,50,46,36,45,37,38,42,33,58,48
POSSESSION OF WEAPONS,POSSESSION OF WEAPONS,Enfield,15,21,29,21,20,18,33,25,22,17,17,15,24,25,21,22,23,22,21,18,18,16,18,17
PUBLIC ORDER OFFENCES,OTHER OFFENCES PUBLIC ORDER,Enfield,18,15,23,9,12,18,16,19,14,17,16,8,10,13,15,16,23,14,19,12,15,13,20,24
PUBLIC ORDER OFFENCES,PUBLIC FEAR ALARM OR DISTRESS,Enfield,86,80,88,109,94,93,78,99,103,88,85,72,81,66,104,102,100,73,74,74,89,82,50,68
PUBLIC ORDER OFFENCES,RACE OR RELIGIOUS AGG PUBLIC FEAR,Enfield,25,34,36,34,38,43,37,35,35,20,38,31,27,30,20,46,36,38,30,40,33,31,21,38
PUBLIC ORDER OFFENCES,VIOLENT DISORDER,Enfield,0,0,1,0,0,0,0,0,0,0,0,0,0,0,0,0,0,1,0,0,0,0,1,0
ROBBERY,ROBBERY OF BUSINESS PROPERTY,Enfield,7,10,15,11,17,11,18,13,17,12,14,18,10,8,21,23,24,17,18,26,12,20,8,16
ROBBERY,ROBBERY OF PERSONAL PROPERTY,Enfield,78,83,66,56,51,50,71,86,81,62,71,73,74,94,79,80,59,62,68,55,67,60,52,45
SEXUAL OFFENCES,OTHER SEXUAL OFFENCES,Enfield,39,53,46,47,55,37,39,33,50,43,36,42,45,49,42,43,53,59,58,48,39,41,59,61
SEXUAL OFFENCES,RAPE,Enfield,20,27,33,22,21,20,15,30,23,18,23,19,21,25,28,31,34,26,31,14,33,21,29,32
THEFT,BICYCLE THEFT,Enfield,11,14,17,9,18,23,21,21,21,12,12,9,15,17,14,17,19,17,18,21,10,10,9,15
THEFT,OTHER THEFT,Enfield,197,243,220,251,226,237,286,247,279,236,230,197,226,188,212,221,258,206,214,256,216,229,219,217
THEFT,SHOPLIFTING,Enfield,129,127,169,208,238,383,361,308,304,240,251,249,222,171,180,207,226,236,205,193,151,171,164,148
THEFT,THEFT FROM THE PERSON,Enfield,93,90,90,90,83,77,74,150,156,174,115,141,136,133,131,106,113,74,87,94,143,112,92,101
VEHICLE OFFENCES,AGGRAVATED VEHICLE TAKING,Enfield,5,1,2,3,4,3,1,1,1,0,2,1,7,1,5,2,2,2,1,3,3,2,2,4
VEHICLE OFFENCES,INTERFERING WITH A MOTOR VEHICLE,Enfield,47,63,47,41,49,57,53,36,33,25,35,35,34,53,31,25,21,27,50,51,33,32,31,24
VEHICLE OFFENCES,THEFT FROM A VEHICLE,Enfield,182,211,230,158,202,180,173,196,171,132,147,124,180,127,135,123,144,120,135,139,167,101,104,114
VEHICLE OFFENCES,THEFT OR UNAUTH TAKING OF A MOTOR VEH,Enfield,162,158,174,183,153,154,174,175,159,130,175,168,136,128,115,115,148,107,175,159,135,134,154,131
VIOLENCE AGAINST THE PERSON,DEATH SERIOUS INJURY ILLEGAL DRIVING,Enfield,0,1,0,0,0,1,1,1,0,1,0,0,0,1,1,0,1,0,2,0,0,0,1,3
VIOLENCE AGAINST THE PERSON,HOMICIDE,Enfield,1,0,1,0,0,0,0,1,0,0,0,0,0,1,0,1,0,0,0,1,0,0,0,0
VIOLENCE AGAINST THE PERSON,STALKING AND HARASSMENT,Enfield,156,163,192,163,131,161,157,162,144,174,184,157,187,167,183,202,213,176,168,227,202,161,212,216
VIOLENCE AGAINST THE PERSON,VIOLENCE WITH INJURY,Enfield,187,190,236,218,221,157,189,193,181,172,179,128,181,196,193,204,212,161,159,203,160,182,174,164
VIOLENCE AGAINST THE PERSON,VIOLENCE WITHOUT INJURY,Enfield,323,311,382,407,346,306,384,325,329,328,335,291,352,294,321,371,381,281,329,345,344,349,355,360
ARSON AND CRIMINAL DAMAGE,ARSON,Greenwich,13,18,16,8,14,14,9,11,8,10,12,7,12,15,7,14,11,15,6,10,7,4,8,4
ARSON AND CRIMINAL DAMAGE,CRIMINAL DAMAGE,Greenwich,156,142,151,160,160,178,164,148,151,150,134,141,141,145,181,158,153,186,144,189,154,127,151,137
BURGLARY,BURGLARY BUSINESS AND COMMUNITY,Greenwich,33,47,31,34,26,37,30,48,51,27,54,25,41,27,41,30,23,34,32,36,31,17,22,33
BURGLARY,RES BURGLARY OF A HOME,Greenwich,55,45,41,52,47,46,54,53,83,66,60,54,55,63,63,82,69,60,46,57,57,46,60,70
BURGLARY,RES BURGLARY OF UNCONNECTED BUILDING,Greenwich,32,23,25,20,24,25,37,20,25,36,38,21,34,21,23,23,26,38,29,45,31,34,29,17
DRUG OFFENCES,POSSESSION OF DRUGS,Greenwich,71,78,91,78,92,82,101,102,120,100,120,87,122,89,93,100,93,106,104,123,98,111,77,118
DRUG OFFENCES,TRAFFICKING OF DRUGS,Greenwich,29,29,48,24,36,40,47,60,75,55,57,47,59,76,82,35,82,40,66,42,33,26,47,23
FRAUD AND FORGERY,FRAUD AND FORGERY,Greenwich,0,0,1,1,0,0,0,0,0,0,0,0,0,0,0,0,0,0,0,0,1,0,0,0
MISCELLANEOUS CRIMES AGAINST SOCIETY,MISC CRIMES AGAINST SOCIETY,Greenwich,28,26,34,30,26,35,40,30,47,41,38,36,38,46,30,39,37,29,37,43,46,34,29,43
POSSESSION OF WEAPONS,POSSESSION OF WEAPONS,Greenwich,22,9,18,14,17,20,29,26,22,18,23,15,34,21,28,17,18,16,24,19,18,17,12,12
PUBLIC ORDER OFFENCES,OTHER OFFENCES PUBLIC ORDER,Greenwich,28,27,23,30,19,21,19,31,29,41,26,23,22,25,24,25,35,27,24,19,22,27,40,36
PUBLIC ORDER OFFENCES,PUBLIC FEAR ALARM OR DISTRESS,Greenwich,97,87,125,108,114,99,108,118,103,99,88,103,106,100,141,114,128,116,96,100,100,72,78,83
PUBLIC ORDER OFFENCES,RACE OR RELIGIOUS AGG PUBLIC FEAR,Greenwich,34,29,44,40,36,42,44,37,29,31,25,35,28,39,40,41,42,41,50,27,39,36,48,43
PUBLIC ORDER OFFENCES,VIOLENT DISORDER,Greenwich,1,0,0,1,0,0,0,0,0,0,0,0,1,2,1,0,0,0,1,0,0,0,0,0
ROBBERY,ROBBERY OF BUSINESS PROPERTY,Greenwich,19,25,22,18,12,21,26,32,19,17,20,12,22,26,22,29,24,42,27,18,31,32,18,34
ROBBERY,ROBBERY OF PERSONAL PROPERTY,Greenwich,57,54,69,56,50,54,58,57,60,47,45,52,63,42,57,33,36,48,39,35,47,49,40,40
SEXUAL OFFENCES,OTHER SEXUAL OFFENCES,Greenwich,41,35,59,40,66,50,55,67,46,40,38,48,57,44,54,61,54,57,62,41,49,49,51,41
SEXUAL OFFENCES,RAPE,Greenwich,23,24,29,27,25,12,23,34,24,21,36,18,17,36,19,27,29,26,28,28,36,20,20,29
THEFT,BICYCLE THEFT,Greenwich,29,29,33,46,43,42,31,28,36,15,14,19,15,34,29,25,39,23,23,27,23,11,20,12
THEFT,OTHER THEFT,Greenwich,223,232,237,279,236,207,230,224,215,209,202,201,224,232,226,211,225,237,219,237,219,243,174,156
THEFT,SHOPLIFTING,Greenwich,167,207,233,242,269,262,258,225,221,183,187,183,213,247,252,226,271,241,218,201,204,163,207,301
THEFT,THEFT FROM THE PERSON,Greenwich,76,74,85,91,65,111,90,107,117,107,68,77,96,77,92,90,74,64,45,70,68,76,70,60
VEHICLE OFFENCES,AGGRAVATED VEHICLE TAKING,Greenwich,3,5,1,2,1,3,2,0,3,2,2,1,3,3,3,1,1,2,1,1,1,2,3,0
VEHICLE OFFENCES,INTERFERING WITH A MOTOR VEHICLE,Greenwich,51,41,36,31,38,30,35,23,35,27,19,27,30,34,11,15,30,37,33,29,27,29,36,22
VEHICLE OFFENCES,THEFT FROM A VEHICLE,Greenwich,137,113,133,105,96,115,93,108,110,94,89,87,76,90,83,75,95,82,107,98,101,94,143,82
VEHICLE OFFENCES,THEFT OR UNAUTH TAKING OF A MOTOR VEH,Greenwich,103,78,125,108,108,119,99,77,87,96,93,89,104,94,107,95,109,107,75,86,76,79,76,78
VIOLENCE AGAINST THE PERSON,DEATH SERIOUS INJURY ILLEGAL DRIVING,Greenwich,0,1,0,0,0,0,1,0,0,0,0,0,0,0,0,0,0,0,0,0,1,1,0,0
VIOLENCE AGAINST THE PERSON,HOMICIDE,Greenwich,0,0,0,0,0,0,1,0,0,0,1,0,0,0,0,0,0,1,0,0,0,0,0,0
VIOLENCE AGAINST THE PERSON,STALKING AND HARASSMENT,Greenwich,145,145,175,147,178,159,173,157,159,154,171,134,181,193,183,183,215,207,183,214,184,207,210,186
VIOLENCE AGAINST THE PERSON,VIOLENCE WITH INJURY,Greenwich,205,232,222,232,203,208,250,226,191,226,177,203,212,208,256,232,262,206,208,206,176,216,203,207
VIOLENCE AGAINST THE PERSON,VIOLENCE WITHOUT INJURY,Greenwich,338,280,355,366,332,340,344,387,353,342,307,357,369,343,361,416,340,374,349,323,347,354,324,307
ARSON AND CRIMINAL DAMAGE,ARSON,Hackney,4,4,6,5,8,7,7,4,5,2,0,4,5,7,11,3,4,5,5,3,1,2,3,4
ARSON AND CRIMINAL DAMAGE,CRIMINAL DAMAGE,Hackney,119,143,153,154,152,149,181,123,122,123,123,109,117,133,160,141,130,152,138,135,138,119,127,117
BURGLARY,BURGLARY BUSINESS AND COMMUNITY,Hackney,62,51,50,43,42,44,59,73,47,47,67,38,59,43,47,51,60,46,44,52,52,52,70,48
BURGLARY,RES BURGLARY OF A HOME,Hackney,88,89,97,58,61,83,70,90,73,68,56,52,57,62,70,124,109,90,85,67,55,39,71,39
BURGLARY,RES BURGLARY OF UNCONNECTED BUILDING,Hackney,43,39,60,35,41,42,53,62,64,34,38,41,54,41,45,38,50,35,35,34,40,42,40,37
DRUG OFFENCES,POSSESSION OF DRUGS,Hackney,65,63,84,73,71,98,106,97,116,85,116,91,138,115,113,84,119,119,96,117,108,110,110,106
DRUG OFFENCES,TRAFFICKING OF DRUGS,Hackney,37,38,37,31,33,36,55,66,55,69,100,65,82,71,63,84,117,73,85,56,51,78,83,52
FRAUD AND FORGERY,FRAUD AND FORGERY,Hackney,2,1,1,1,0,0,0,0,0,1,0,0,0,1,0,0,0,0,0,0,1,0,0,0
MISCELLANEOUS CRIMES AGAINST SOCIETY,MISC CRIMES AGAINST SOCIETY,Hackney,15,15,20,29,16,23,31,28,23,27,18,18,34,37,36,27,37,29,34,23,34,24,16,27
POSSESSION OF WEAPONS,POSSESSION OF WEAPONS,Hackney,16,17,15,20,19,15,20,21,17,21,17,20,22,23,18,32,18,36,29,28,26,28,14,22
PUBLIC ORDER OFFENCES,OTHER OFFENCES PUBLIC ORDER,Hackney,20,17,17,20,28,28,21,20,19,11,22,18,26,26,25,21,26,26,24,21,23,27,21,22
PUBLIC ORDER OFFENCES,PUBLIC FEAR ALARM OR DISTRESS,Hackney,113,99,129,101,112,126,118,123,114,84,99,88,105,106,128,114,134,115,131,105,82,103,87,83
PUBLIC ORDER OFFENCES,RACE OR RELIGIOUS AGG PUBLIC FEAR,Hackney,41,54,50,42,61,44,46,41,49,42,26,30,45,25,58,37,60,51,59,62,38,28,44,36
PUBLIC ORDER OFFENCES,VIOLENT DISORDER,Hackney,0,0,0,0,0,0,1,0,0,0,0,0,4,1,0,0,0,0,0,0,0,0,0,0
ROBBERY,ROBBERY OF BUSINESS PROPERTY,Hackney,17,22,22,22,23,14,22,27,37,13,16,21,16,30,25,35,34,27,23,33,39,31,34,26
ROBBERY,ROBBERY OF PERSONAL PROPERTY,Hackney,117,153,215,133,102,108,112,96,122,127,133,88,136,92,99,97,148,118,102,108,127,89,96,100
SEXUAL OFFENCES,OTHER SEXUAL OFFENCES,Hackney,38,47,60,62,56,53,43,48,61,57,45,49,55,48,47,60,68,60,52,56,36,49,39,36
SEXUAL OFFENCES,RAPE,Hackney,18,24,17,33,25,31,22,24,25,24,21,30,35,22,23,34,17,24,45,30,31,21,17,20
THEFT,BICYCLE THEFT,Hackney,116,110,114,132,136,148,122,173,114,98,80,76,94,80,117,123,127,107,121,139,106,85,68,55
THEFT,OTHER THEFT,Hackney,308,315,348,334,349,302,253,307,282,290,279,258,284,303,301,269,268,260,293,293,269,285,262,216
THEFT,SHOPLIFTING,Hackney,126,138,141,137,154,237,269,246,248,225,189,141,131,134,166,214,231,266,199,216,207,227,180,197
THEFT,THEFT FROM THE PERSON,Hackney,410,461,503,389,337,480,353,517,461,354,293,300,429,390,406,446,434,394,327,302,371,376,337,336
VEHICLE OFFENCES,AGGRAVATED VEHICLE TAKING,Hackney,0,1,0,1,2,3,1,0,1,2,2,0,3,0,0,3,0,0,1,0,0,0,2,2
VEHICLE OFFENCES,INTERFERING WITH A MOTOR VEHICLE,Hackney,18,11,26,19,12,20,24,30,17,17,15,25,22,10,15,12,14,13,20,21,13,9,25,17
VEHICLE OFFENCES,THEFT FROM A VEHICLE,Hackney,193,155,199,148,151,134,114,119,160,110,114,103,102,91,109,110,126,92,117,93,86,102,88,86
VEHICLE OFFENCES,THEFT OR UNAUTH TAKING OF A MOTOR VEH,Hackney,70,59,46,55,69,63,59,67,63,37,65,43,62,48,42,76,72,55,61,47,37,43,37,34
VIOLENCE AGAINST THE PERSON,DEATH SERIOUS INJURY ILLEGAL DRIVING,Hackney,0,0,0,0,3,0,1,0,0,1,0,1,1,0,1,1,0,0,0,0,0,1,0,0
VIOLENCE AGAINST THE PERSON,HOMICIDE,Hackney,0,1,0,0,2,1,0,0,0,1,0,1,1,0,1,1,0,0,1,0,1,0,0,0
VIOLENCE AGAINST THE PERSON,STALKING AND HARASSMENT,Hackney,139,159,147,129,133,163,138,121,121,153,177,165,140,134,147,144,166,164,142,184,177,165,162,148
VIOLENCE AGAINST THE PERSON,VIOLENCE WITH INJURY,Hackney,181,184,214,199,193,180,176,174,208,187,164,157,163,165,205,202,220,205,162,156,166,167,171,144
VIOLENCE AGAINST THE PERSON,VIOLENCE WITHOUT INJURY,Hackney,324,291,350,316,345,315,325,319,313,316,288,265,301,336,348,356,367,362,375,333,295,328,315,279
ARSON AND CRIMINAL DAMAGE,ARSON,Hammersmith and Fulham,8,5,6,4,2,7,9,4,4,3,1,0,3,6,3,8,7,4,6,3,1,3,0,2
ARSON AND CRIMINAL DAMAGE,CRIMINAL DAMAGE,Hammersmith and Fulham,103,100,113,107,78,119,106,101,86,83,104,91,85,86,109,117,117,110,84,89,100,81,88,81
BURGLARY,BURGLARY BUSINESS AND COMMUNITY,Hammersmith and Fulham,29,39,39,38,63,43,46,39,38,31,29,29,32,32,38,35,35,33,30,30,39,25,27,22
BURGLARY,RES BURGLARY OF A HOME,Hammersmith and Fulham,62,57,43,45,61,53,49,55,62,76,44,49,37,64,61,43,58,58,47,35,37,35,58,50
BURGLARY,RES BURGLARY OF UNCONNECTED BUILDING,Hammersmith and Fulham,29,26,20,13,10,18,15,19,20,20,16,14,10,14,18,21,26,17,20,23,22,11,23,18
DRUG OFFENCES,POSSESSION OF DRUGS,Hammersmith and Fulham,49,49,56,46,62,88,84,78,82,65,83,80,89,67,65,88,67,79,93,80,74,82,66,57
DRUG OFFENCES,TRAFFICKING OF DRUGS,Hammersmith and Fulham,13,22,19,15,26,26,43,47,30,47,26,21,24,61,65,39,41,21,31,44,36,27,25,18
FRAUD AND FORGERY,FRAUD AND FORGERY,Hammersmith and Fulham,1,0,1,1,0,1,0,1,0,0,0,0,0,0,0,0,1,0,0,0,1,0,0,0
MISCELLANEOUS CRIMES AGAINST SOCIETY,MISC CRIMES AGAINST SOCIETY,Hammersmith and Fulham,23,17,17,11,13,26,19,20,22,16,30,31,21,31,26,17,23,26,20,33,15,24,18,25
NFIB FRAUD,NFIB,Hammersmith and Fulham,0,0,1,0,0,0,0,0,0,0,0,0,0,0,0,0,0,0,0,0,0,0,0,0
POSSESSION OF WEAPONS,POSSESSION OF WEAPONS,Hammersmith and Fulham,8,11,8,19,14,12,10,7,12,7,7,22,10,14,12,13,18,14,16,10,9,7,12,13
PUBLIC ORDER OFFENCES,OTHER OFFENCES PUBLIC ORDER,Hammersmith and Fulham,19,16,20,14,23,16,15,9,8,9,12,14,21,10,16,13,17,15,11,12,18,12,10,26
PUBLIC ORDER OFFENCES,PUBLIC FEAR ALARM OR DISTRESS,Hammersmith and Fulham,75,69,79,83,85,100,84,95,91,82,69,68,81,91,86,91,87,86,66,79,79,73,77,70
PUBLIC ORDER OFFENCES,RACE OR RELIGIOUS AGG PUBLIC FEAR,Hammersmith and Fulham,37,31,40,35,44,48,30,43,51,33,22,35,29,41,39,33,33,47,25,34,42,47,38,22
PUBLIC ORDER OFFENCES,VIOLENT DISORDER,Hammersmith and Fulham,0,0,0,0,0,0,0,0,3,0,0,0,0,0,2,0,0,0,0,0,0,0,0,0
ROBBERY,ROBBERY OF BUSINESS PROPERTY,Hammersmith and Fulham,13,14,9,14,10,12,13,21,25,15,14,11,10,13,14,26,29,26,25,20,20,17,33,13
ROBBERY,ROBBERY OF PERSONAL PROPERTY,Hammersmith and Fulham,35,37,30,40,28,45,32,46,40,31,29,40,26,34,46,34,38,28,28,33,23,29,22,22
SEXUAL OFFENCES,OTHER SEXUAL OFFENCES,Hammersmith and Fulham,23,31,31,39,36,41,34,36,41,41,32,26,31,26,55,47,41,43,31,40,34,28,46,43
SEXUAL OFFENCES,RAPE,Hammersmith and Fulham,11,11,13,11,16,18,11,37,17,20,19,25,25,17,25,18,18,25,13,18,22,20,21,19
THEFT,BICYCLE THEFT,Hammersmith and Fulham,78,65,64,74,72,70,75,58,66,37,23,37,34,39,57,59,56,57,67,79,44,27,30,26
THEFT,OTHER THEFT,Hammersmith and Fulham,237,223,216,249,209,193,192,198,196,202,211,166,185,200,213,210,182,182,211,221,210,218,204,168
THEFT,SHOPLIFTING,Hammersmith and Fulham,157,190,245,188,220,195,191,216,217,184,188,175,197,192,202,179,201,231,200,212,187,212,207,221
THEFT,THEFT FROM THE PERSON,Hammersmith and Fulham,141,99,106,94,119,94,89,110,161,126,142,94,93,97,86,80,72,70,61,75,80,87,74,75
VEHICLE OFFENCES,AGGRAVATED VEHICLE TAKING,Hammersmith and Fulham,0,0,1,0,1,1,1,1,1,0,0,0,1,0,1,0,0,0,0,0,1,0,1,0
VEHICLE OFFENCES,INTERFERING WITH A MOTOR VEHICLE,Hammersmith and Fulham,20,14,14,11,8,13,13,14,8,15,18,27,12,9,20,10,13,14,21,12,13,11,5,12
VEHICLE OFFENCES,THEFT FROM A VEHICLE,Hammersmith and Fulham,118,115,101,95,88,110,74,102,108,141,107,104,97,71,80,84,83,91,101,76,75,84,60,74
VEHICLE OFFENCES,THEFT OR UNAUTH TAKING OF A MOTOR VEH,Hammersmith and Fulham,44,52,50,67,46,51,56,50,41,45,61,51,49,55,49,58,47,36,47,37,44,38,33,42
VIOLENCE AGAINST THE PERSON,DEATH SERIOUS INJURY ILLEGAL DRIVING,Hammersmith and Fulham,1,0,0,1,0,1,1,0,0,0,0,0,1,0,0,1,1,2,1,0,0,0,0,0
VIOLENCE AGAINST THE PERSON,HOMICIDE,Hammersmith and Fulham,0,1,0,0,2,0,0,0,0,0,0,1,0,1,0,0,0,0,1,0,0,0,0,0
VIOLENCE AGAINST THE PERSON,STALKING AND HARASSMENT,Hammersmith and Fulham,100,86,85,95,94,101,96,108,87,78,101,93,107,101,116,101,135,111,102,135,119,142,117,101
VIOLENCE AGAINST THE PERSON,VIOLENCE WITH INJURY,Hammersmith and Fulham,124,102,163,129,169,159,163,155,121,117,129,116,169,134,156,126,147,123,114,115,109,115,122,107
VIOLENCE AGAINST THE PERSON,VIOLENCE WITHOUT INJURY,Hammersmith and Fulham,270,201,226,222,221,241,240,282,270,249,215,251,282,268,295,272,291,266,258,245,245,221,238,203
ARSON AND CRIMINAL DAMAGE,ARSON,Haringey,7,8,6,12,11,9,4,7,5,2,6,5,10,9,6,16,14,3,2,7,3,1,4,2
ARSON AND CRIMINAL DAMAGE,CRIMINAL DAMAGE,Haringey,131,121,140,122,152,140,149,119,125,132,104,134,124,131,147,156,148,163,119,127,136,128,109,97
BURGLARY,BURGLARY BUSINESS AND COMMUNITY,Haringey,33,32,35,34,44,36,48,37,45,57,31,30,46,30,30,23,31,35,21,32,25,17,34,32
BURGLARY,RES BURGLARY OF A HOME,Haringey,84,86,89,88,79,85,76,83,95,88,76,78,59,68,73,68,80,98,76,60,61,93,66,60
BURGLARY,RES BURGLARY OF UNCONNECTED BUILDING,Haringey,20,31,14,12,9,7,18,28,14,18,21,19,27,10,21,22,31,12,16,18,20,19,11,15
DRUG OFFENCES,POSSESSION OF DRUGS,Haringey,80,56,81,74,121,53,76,80,78,64,111,95,132,98,86,111,148,119,130,85,91,98,74,85
DRUG OFFENCES,TRAFFICKING OF DRUGS,Haringey,30,42,33,33,45,30,57,44,56,75,95,50,62,94,89,73,71,46,77,52,29,59,54,33
FRAUD AND FORGERY,FRAUD AND FORGERY,Haringey,1,0,0,0,1,1,1,0,0,0,0,1,0,0,0,0,0,0,0,0,0,0,0,0
MISCELLANEOUS CRIMES AGAINST SOCIETY,MISC CRIMES AGAINST SOCIETY,Haringey,10,17,33,18,16,30,18,26,32,18,27,27,44,25,32,31,26,37,36,26,23,19,27,17
POSSESSION OF WEAPONS,POSSESSION OF WEAPONS,Haringey,20,10,17,14,13,14,19,19,13,25,13,13,19,25,25,26,37,24,22,18,16,22,23,15
PUBLIC ORDER OFFENCES,OTHER OFFENCES PUBLIC ORDER,Haringey,23,20,25,11,19,21,18,14,13,19,16,17,19,13,20,27,38,17,20,20,25,18,13,18
PUBLIC ORDER OFFENCES,PUBLIC FEAR ALARM OR DISTRESS,Haringey,82,83,107,97,125,86,71,91,75,73,77,65,94,77,88,95,93,75,66,87,69,59,57,52
PUBLIC ORDER OFFENCES,RACE OR RELIGIOUS AGG PUBLIC FEAR,Haringey,25,29,38,39,35,41,34,42,45,37,30,31,43,40,31,42,47,39,48,32,54,33,22,22
PUBLIC ORDER OFFENCES,VIOLENT DISORDER,Haringey,1,0,0,0,0,0,0,0,0,0,0,0,0,0,0,1,0,0,0,0,1,0,1,0
ROBBERY,ROBBERY OF BUSINESS PROPERTY,Haringey,24,15,23,29,25,23,21,32,23,16,16,17,20,37,44,31,32,27,24,34,40,23,23,20
ROBBERY,ROBBERY OF PERSONAL PROPERTY,Haringey,106,105,94,84,95,84,94,110,71,96,82,86,82,91,109,98,76,79,75,90,78,82,64,64
SEXUAL OFFENCES,OTHER SEXUAL OFFENCES,Haringey,40,49,52,50,64,40,38,37,58,32,48,33,46,33,59,66,56,47,47,42,42,40,43,34
SEXUAL OFFENCES,RAPE,Haringey,17,16,45,24,37,13,35,35,39,28,42,33,35,29,34,34,32,24,24,31,35,29,40,22
THEFT,BICYCLE THEFT,Haringey,39,23,39,30,28,26,31,33,20,15,13,20,21,24,25,20,28,25,29,32,29,32,19,15
THEFT,OTHER THEFT,Haringey,216,254,239,256,275,262,212,215,217,198,172,177,176,205,257,219,213,207,170,199,251,214,203,167
THEFT,SHOPLIFTING,Haringey,123,145,156,178,235,243,253,271,247,186,233,226,201,205,317,258,307,307,223,247,243,191,213,208
THEFT,THEFT FROM THE PERSON,Haringey,225,213,237,227,252,230,200,231,242,251,178,187,239,215,250,247,226,222,180,175,176,160,106,149
VEHICLE OFFENCES,AGGRAVATED VEHICLE TAKING,Haringey,3,4,2,1,0,1,1,4,0,0,1,0,2,1,0,2,1,3,0,1,1,0,4,0
VEHICLE OFFENCES,INTERFERING WITH A MOTOR VEHICLE,Haringey,27,32,32,34,27,27,30,30,15,18,21,32,24,28,37,28,26,23,32,45,27,20,19,17
VEHICLE OFFENCES,THEFT FROM A VEHICLE,Haringey,218,215,257,243,182,155,155,212,128,109,117,144,136,121,149,169,217,195,184,207,202,136,115,94
VEHICLE OFFENCES,THEFT OR UNAUTH TAKING OF A MOTOR VEH,Haringey,93,100,112,101,102,103,107,109,81,77,120,111,106,98,95,81,98,96,87,63,95,56,86,71
VIOLENCE AGAINST THE PERSON,DEATH SERIOUS INJURY ILLEGAL DRIVING,Haringey,0,0,0,0,0,0,0,0,1,0,0,0,3,0,0,1,0,1,1,0,1,1,0,0
VIOLENCE AGAINST THE PERSON,HOMICIDE,Haringey,0,1,0,0,0,0,1,1,0,0,2,0,1,0,0,0,0,0,1,0,0,0,0,0
VIOLENCE AGAINST THE PERSON,STALKING AND HARASSMENT,Haringey,132,121,170,116,134,139,143,147,131,121,152,161,134,149,166,137,181,171,140,161,157,160,133,151
VIOLENCE AGAINST THE PERSON,VIOLENCE WITH INJURY,Haringey,170,150,204,181,200,216,165,175,175,159,150,127,164,154,198,169,207,179,144,159,177,167,134,140
VIOLENCE AGAINST THE PERSON,VIOLENCE WITHOUT INJURY,Haringey,255,304,286,283,308,305,293,309,298,320,270,256,325,319,308,368,350,300,317,332,343,322,335,289
ARSON AND CRIMINAL DAMAGE,ARSON,Harrow,1,4,2,3,2,2,1,0,2,2,1,1,4,2,2,5,1,1,4,1,2,1,2,2
ARSON AND CRIMINAL DAMAGE,CRIMINAL DAMAGE,Harrow,74,77,83,77,88,71,84,90,82,66,56,66,84,92,87,92,86,92,85,82,94,74,76,86
BURGLARY,BURGLARY BUSINESS AND COMMUNITY,Harrow,10,23,13,24,38,22,16,24,22,26,17,16,22,17,27,19,22,14,18,23,10,12,14,44
BURGLARY,RES BURGLARY OF A HOME,Harrow,61,58,27,26,43,34,64,65,80,80,73,97,87,47,51,45,40,58,73,86,96,91,119,98
BURGLARY,RES BURGLARY OF UNCONNECTED BUILDING,Harrow,26,18,16,9,13,7,23,15,7,15,12,8,7,3,7,8,6,9,5,15,16,3,18,15
DRUG OFFENCES,POSSESSION OF DRUGS,Harrow,28,20,35,30,23,28,47,57,50,39,35,68,39,53,45,21,38,47,48,57,60,40,36,36
DRUG OFFENCES,TRAFFICKING OF DRUGS,Harrow,17,23,19,18,8,11,23,18,23,10,23,18,22,36,32,28,25,13,35,49,81,42,46,26
FRAUD AND FORGERY,FRAUD AND FORGERY,Harrow,1,1,0,0,0,0,1,1,0,0,0,0,1,0,0,0,0,0,0,1,0,0,0,0
MISCELLANEOUS CRIMES AGAINST SOCIETY,MISC CRIMES AGAINST SOCIETY,Harrow,18,8,25,13,19,18,17,25,14,20,19,18,15,27,22,18,16,16,14,29,20,11,22,16
POSSESSION OF WEAPONS,POSSESSION OF WEAPONS,Harrow,6,7,8,4,5,4,9,9,5,10,4,13,3,17,10,12,6,8,6,9,7,9,11,4
PUBLIC ORDER OFFENCES,OTHER OFFENCES PUBLIC ORDER,Harrow,11,18,11,10,13,11,15,9,8,9,8,13,7,7,14,11,18,11,14,17,11,15,11,17
PUBLIC ORDER OFFENCES,PUBLIC FEAR ALARM OR DISTRESS,Harrow,65,43,63,68,61,53,64,60,47,45,37,33,40,46,56,49,48,42,46,52,48,51,50,43
PUBLIC ORDER OFFENCES,RACE OR RELIGIOUS AGG PUBLIC FEAR,Harrow,20,13,28,19,21,24,19,17,10,21,16,14,12,18,19,17,21,22,18,37,22,17,21,21
PUBLIC ORDER OFFENCES,VIOLENT DISORDER,Harrow,0,0,1,0,0,0,0,0,0,0,1,0,0,0,0,0,1,0,0,0,0,0,0,0
ROBBERY,ROBBERY OF BUSINESS PROPERTY,Harrow,10,14,7,5,11,27,8,13,12,14,10,12,11,10,15,10,26,15,19,21,11,16,8,15
ROBBERY,ROBBERY OF PERSONAL PROPERTY,Harrow,35,23,36,30,27,24,30,37,29,31,31,42,23,29,34,39,37,32,43,37,27,23,24,31
SEXUAL OFFENCES,OTHER SEXUAL OFFENCES,Harrow,24,32,23,20,25,27,30,24,30,24,23,29,27,26,24,21,39,28,23,22,23,25,17,25
SEXUAL OFFENCES,RAPE,Harrow,13,12,10,6,17,11,9,22,13,21,11,17,11,13,12,19,11,15,20,9,25,8,10,15
THEFT,BICYCLE THEFT,Harrow,11,8,9,10,9,20,20,13,9,2,3,8,6,3,13,12,20,7,12,12,8,8,7,3
THEFT,OTHER THEFT,Harrow,138,136,127,138,155,145,110,131,138,143,132,94,122,102,122,124,127,133,121,127,122,116,94,114
THEFT,SHOPLIFTING,Harrow,122,134,191,140,166,202,201,212,197,120,127,129,138,85,138,134,156,157,125,130,120,139,105,119
THEFT,THEFT FROM THE PERSON,Harrow,61,59,76,65,63,60,59,98,110,115,156,66,87,97,121,103,107,100,86,68,75,64,68,74
VEHICLE OFFENCES,AGGRAVATED VEHICLE TAKING,Harrow,0,0,1,0,1,2,2,1,2,0,1,2,1,0,0,3,0,1,1,1,0,1,0,1
VEHICLE OFFENCES,INTERFERING WITH A MOTOR VEHICLE,Harrow,25,32,15,21,21,30,27,24,27,20,15,21,19,33,14,20,13,19,27,26,21,9,22,17
VEHICLE OFFENCES,THEFT FROM A VEHICLE,Harrow,125,117,93,102,107,77,96,111,95,105,70,72,70,68,81,85,85,88,80,81,70,64,76,71
VEHICLE OFFENCES,THEFT OR UNAUTH TAKING OF A MOTOR VEH,Harrow,64,56,75,40,50,70,79,70,63,28,50,41,48,69,51,67,72,57,50,59,64,60,67,68
VIOLENCE AGAINST THE PERSON,DEATH SERIOUS INJURY ILLEGAL DRIVING,Harrow,1,1,0,0,0,0,0,0,0,0,1,0,0,0,0,1,0,0,0,0,1,1,2,0
VIOLENCE AGAINST THE PERSON,HOMICIDE,Harrow,0,0,0,0,0,0,0,1,0,0,0,0,0,0,0,0,0,0,0,0,0,0,0,0
VIOLENCE AGAINST THE PERSON,STALKING AND HARASSMENT,Harrow,80,87,106,90,98,112,113,99,101,85,92,86,91,96,108,134,106,100,107,113,124,108,96,107
VIOLENCE AGAINST THE PERSON,VIOLENCE WITH INJURY,Harrow,99,99,113,94,100,102,103,107,79,134,99,87,103,92,93,119,109,119,102,102,91,82,100,107
VIOLENCE AGAINST THE PERSON,VIOLENCE WITHOUT INJURY,Harrow,230,162,177,170,214,190,224,237,213,226,169,190,201,205,226,226,225,194,220,223,206,197,209,200
ARSON AND CRIMINAL DAMAGE,ARSON,Havering,9,8,9,10,7,14,8,1,2,3,2,6,1,2,7,2,1,4,5,2,3,7,5,8
ARSON AND CRIMINAL DAMAGE,CRIMINAL DAMAGE,Havering,128,114,102,118,157,150,107,110,138,82,86,100,112,112,105,123,119,116,127,110,124,119,111,112
BURGLARY,BURGLARY BUSINESS AND COMMUNITY,Havering,42,44,43,28,28,37,26,27,24,29,28,18,17,21,38,25,14,32,24,22,21,17,17,21
BURGLARY,RES BURGLARY OF A HOME,Havering,60,51,61,56,39,58,64,63,76,50,55,33,33,38,42,28,36,43,39,46,58,70,28,44
BURGLARY,RES BURGLARY OF UNCONNECTED BUILDING,Havering,13,9,9,8,14,8,17,16,10,9,4,5,7,14,8,13,13,10,6,14,12,5,8,7
DRUG OFFENCES,POSSESSION OF DRUGS,Havering,52,61,64,35,48,51,49,76,77,53,50,51,72,61,59,82,72,73,63,78,49,70,70,75
DRUG OFFENCES,TRAFFICKING OF DRUGS,Havering,25,19,16,26,38,20,31,59,58,52,36,32,37,38,68,65,87,56,43,21,33,40,34,41
FRAUD AND FORGERY,FRAUD AND FORGERY,Havering,0,0,1,0,0,0,0,0,0,0,0,0,0,0,0,0,0,0,0,0,0,0,0,0
MISCELLANEOUS CRIMES AGAINST SOCIETY,MISC CRIMES AGAINST SOCIETY,Havering,17,18,20,19,23,35,40,21,33,27,15,31,22,29,26,36,24,34,24,25,13,31,27,29
POSSESSION OF WEAPONS,POSSESSION OF WEAPONS,Havering,9,9,12,9,8,17,9,15,13,15,4,10,8,10,14,8,9,9,15,17,18,17,19,16
PUBLIC ORDER OFFENCES,OTHER OFFENCES PUBLIC ORDER,Havering,14,14,18,22,20,11,13,10,18,16,16,14,12,9,22,23,18,25,13,15,18,15,17,23
PUBLIC ORDER OFFENCES,PUBLIC FEAR ALARM OR DISTRESS,Havering,70,69,77,90,92,64,57,74,83,63,68,44,67,63,62,74,81,74,61,71,53,64,62,61
PUBLIC ORDER OFFENCES,RACE OR RELIGIOUS AGG PUBLIC FEAR,Havering,28,30,25,28,25,40,30,38,31,12,21,17,22,22,24,24,42,34,26,22,16,12,26,15
PUBLIC ORDER OFFENCES,VIOLENT DISORDER,Havering,0,0,0,0,0,0,0,0,0,0,0,0,2,0,0,0,0,0,0,0,0,0,0,0
ROBBERY,ROBBERY OF BUSINESS PROPERTY,Havering,10,11,15,19,13,10,9,17,23,12,14,11,18,14,18,24,30,28,24,15,29,19,10,15
ROBBERY,ROBBERY OF PERSONAL PROPERTY,Havering,31,20,39,36,30,27,29,24,20,41,35,45,37,40,28,23,37,26,33,28,36,39,31,24
SEXUAL OFFENCES,OTHER SEXUAL OFFENCES,Havering,30,41,28,41,32,27,49,41,37,36,33,24,48,32,38,31,39,42,40,31,26,24,26,27
SEXUAL OFFENCES,RAPE,Havering,16,18,13,14,16,12,18,18,18,13,16,15,10,14,19,26,13,15,8,17,17,11,17,14
THEFT,BICYCLE THEFT,Havering,16,8,5,5,20,15,7,9,17,4,5,2,12,8,14,13,17,8,2,11,10,6,7,10
THEFT,OTHER THEFT,Havering,120,152,158,153,170,180,132,139,143,126,119,109,102,136,141,156,132,117,139,134,107,140,119,131
THEFT,SHOPLIFTING,Havering,211,258,258,201,235,161,172,214,211,166,189,189,186,200,230,198,209,218,181,170,150,171,134,141
THEFT,THEFT FROM THE PERSON,Havering,64,46,45,40,57,25,47,45,38,48,45,44,50,31,36,20,29,26,41,39,41,39,37,40
VEHICLE OFFENCES,AGGRAVATED VEHICLE TAKING,Havering,2,1,2,3,1,4,7,2,0,0,0,3,2,3,1,1,2,5,3,2,2,0,3,0
VEHICLE OFFENCES,INTERFERING WITH A MOTOR VEHICLE,Havering,21,33,34,29,44,38,28,24,27,11,24,21,17,36,21,29,28,16,27,20,16,26,29,20
VEHICLE OFFENCES,THEFT FROM A VEHICLE,Havering,103,117,120,80,89,96,83,73,91,64,71,84,78,65,71,51,66,58,71,58,76,68,86,68
VEHICLE OFFENCES,THEFT OR UNAUTH TAKING OF A MOTOR VEH,Havering,109,108,78,114,79,97,82,73,98,75,85,85,106,105,102,117,95,83,66,81,91,79,102,75
VIOLENCE AGAINST THE PERSON,DEATH SERIOUS INJURY ILLEGAL DRIVING,Havering,0,0,0,0,1,0,0,0,0,0,1,1,1,0,0,0,0,0,0,0,0,0,0,0
VIOLENCE AGAINST THE PERSON,HOMICIDE,Havering,0,0,0,0,0,0,0,0,0,0,0,0,0,0,0,0,1,0,0,1,0,0,0,0
VIOLENCE AGAINST THE PERSON,STALKING AND HARASSMENT,Havering,124,117,156,148,146,165,141,140,115,116,113,108,164,129,143,146,169,138,134,149,159,154,132,163
VIOLENCE AGAINST THE PERSON,VIOLENCE WITH INJURY,Havering,126,122,143,153,147,154,120,119,130,147,115,93,156,136,144,158,165,141,112,116,143,142,126,119
VIOLENCE AGAINST THE PERSON,VIOLENCE WITHOUT INJURY,Havering,210,207,239,243,241,218,229,231,210,201,254,170,246,227,211,276,254,244,237,259,234,238,216,191
ARSON AND CRIMINAL DAMAGE,ARSON,Hillingdon,13,5,8,5,8,41,9,6,18,8,13,7,6,9,8,11,11,10,2,4,9,6,4,1
ARSON AND CRIMINAL DAMAGE,CRIMINAL DAMAGE,Hillingdon,175,159,155,211,286,233,197,181,207,176,219,159,194,176,164,176,188,161,169,161,153,164,154,154
BURGLARY,BURGLARY BUSINESS AND COMMUNITY,Hillingdon,55,51,44,27,39,54,36,39,26,33,29,39,38,33,39,31,36,33,41,41,35,27,38,32
BURGLARY,RES BURGLARY OF A HOME,Hillingdon,66,47,42,57,60,57,53,85,71,66,93,102,96,33,42,42,44,49,58,84,78,76,137,79
BURGLARY,RES BURGLARY OF UNCONNECTED BUILDING,Hillingdon,26,11,30,17,20,26,21,26,22,24,29,18,15,18,11,13,14,23,19,13,16,17,16,18
DRUG OFFENCES,POSSESSION OF DRUGS,Hillingdon,45,43,43,43,60,54,64,59,66,52,71,50,41,63,63,57,81,73,68,60,84,56,82,62
DRUG OFFENCES,TRAFFICKING OF DRUGS,Hillingdon,27,27,26,27,26,30,46,37,38,42,41,52,37,67,80,49,86,38,69,83,141,66,46,18
FRAUD AND FORGERY,FRAUD AND FORGERY,Hillingdon,1,0,1,0,0,0,0,0,0,0,0,0,0,0,0,0,0,0,0,0,1,0,0,0
MISCELLANEOUS CRIMES AGAINST SOCIETY,MISC CRIMES AGAINST SOCIETY,Hillingdon,133,151,122,148,158,164,180,172,147,129,155,93,161,129,133,179,182,215,164,177,155,132,150,149
NFIB FRAUD,NFIB,Hillingdon,1,0,0,0,0,0,0,0,0,0,0,0,0,0,0,0,0,0,0,0,0,0,0,0
POSSESSION OF WEAPONS,POSSESSION OF WEAPONS,Hillingdon,14,8,18,11,8,15,16,17,22,6,19,11,16,31,13,10,19,11,11,13,14,14,20,13
PUBLIC ORDER OFFENCES,OTHER OFFENCES PUBLIC ORDER,Hillingdon,23,26,17,22,17,31,23,25,23,23,16,20,22,30,25,25,37,23,30,33,31,25,32,27
PUBLIC ORDER OFFENCES,PUBLIC FEAR ALARM OR DISTRESS,Hillingdon,84,113,117,126,134,121,97,113,106,85,106,91,95,112,100,113,142,92,97,95,87,91,80,66
PUBLIC ORDER OFFENCES,RACE OR RELIGIOUS AGG PUBLIC FEAR,Hillingdon,31,38,27,40,36,34,47,44,39,36,38,38,33,45,44,54,43,70,53,50,32,26,26,34
PUBLIC ORDER OFFENCES,VIOLENT DISORDER,Hillingdon,0,1,2,0,0,0,1,0,0,1,0,0,0,0,2,0,0,2,1,0,0,0,0,2
ROBBERY,ROBBERY OF BUSINESS PROPERTY,Hillingdon,22,15,20,20,41,23,18,21,23,29,18,14,11,18,24,18,26,30,31,23,21,18,19,23
ROBBERY,ROBBERY OF PERSONAL PROPERTY,Hillingdon,29,30,42,44,29,59,31,49,42,35,48,43,34,35,48,44,40,40,42,30,43,41,29,23
SEXUAL OFFENCES,OTHER SEXUAL OFFENCES,Hillingdon,23,53,55,44,58,48,50,50,36,35,30,54,57,52,50,51,68,58,62,53,56,42,62,42
SEXUAL OFFENCES,RAPE,Hillingdon,19,21,28,27,29,18,23,25,23,20,18,28,32,31,16,32,29,21,19,27,26,32,29,30
THEFT,BICYCLE THEFT,Hillingdon,16,20,25,17,24,22,23,22,26,11,12,16,21,21,21,19,21,27,26,44,18,18,11,13
THEFT,OTHER THEFT,Hillingdon,312,288,297,324,330,344,298,306,307,267,304,238,265,243,277,265,300,285,255,285,299,295,259,253
THEFT,SHOPLIFTING,Hillingdon,241,265,249,286,266,303,247,296,273,216,243,235,195,218,219,237,290,316,301,267,285,253,253,221
THEFT,THEFT FROM THE PERSON,Hillingdon,58,51,58,64,76,71,65,94,96,102,109,91,90,93,81,120,113,72,83,95,97,88,96,86
VEHICLE OFFENCES,AGGRAVATED VEHICLE TAKING,Hillingdon,1,2,4,2,2,1,1,1,3,0,2,2,1,0,0,6,2,0,2,1,2,0,3,1
VEHICLE OFFENCES,INTERFERING WITH A MOTOR VEHICLE,Hillingdon,49,35,33,46,45,38,30,40,35,35,34,38,39,35,34,28,34,44,50,46,52,18,40,24
VEHICLE OFFENCES,THEFT FROM A VEHICLE,Hillingdon,168,187,221,198,212,157,136,162,188,205,186,151,151,152,179,138,150,195,168,166,184,167,168,164
VEHICLE OFFENCES,THEFT OR UNAUTH TAKING OF A MOTOR VEH,Hillingdon,76,84,68,95,94,81,66,89,88,71,78,110,106,79,114,110,86,95,99,74,104,94,109,109
VIOLENCE AGAINST THE PERSON,DEATH SERIOUS INJURY ILLEGAL DRIVING,Hillingdon,1,0,0,0,0,0,0,0,0,0,0,0,0,4,0,0,0,0,1,1,1,2,0,3
VIOLENCE AGAINST THE PERSON,HOMICIDE,Hillingdon,1,0,1,0,0,0,0,0,0,0,0,1,0,0,0,0,0,0,1,3,0,0,0,0
VIOLENCE AGAINST THE PERSON,STALKING AND HARASSMENT,Hillingdon,139,131,167,135,140,161,137,149,149,156,144,173,165,176,195,172,208,197,164,175,172,145,183,179
VIOLENCE AGAINST THE PERSON,VIOLENCE WITH INJURY,Hillingdon,186,179,203,182,200,172,141,166,173,181,135,156,169,182,215,215,215,158,193,167,152,182,161,181
VIOLENCE AGAINST THE PERSON,VIOLENCE WITHOUT INJURY,Hillingdon,323,317,356,385,393,384,321,337,352,363,312,372,373,380,388,418,417,346,389,364,340,420,384,351
ARSON AND CRIMINAL DAMAGE,ARSON,Hounslow,6,8,8,10,9,20,10,3,12,4,6,6,7,8,10,9,8,6,8,7,1,4,3,3
ARSON AND CRIMINAL DAMAGE,CRIMINAL DAMAGE,Hounslow,142,162,136,162,193,160,137,151,150,123,148,152,162,157,136,186,181,169,189,167,170,130,168,136
BURGLARY,BURGLARY BUSINESS AND COMMUNITY,Hounslow,55,37,31,35,38,30,36,25,22,44,32,37,21,26,35,23,28,48,32,35,42,28,27,31
BURGLARY,RES BURGLARY OF A HOME,Hounslow,61,58,31,46,50,41,37,90,70,67,57,45,44,35,43,45,52,47,57,58,68,52,96,106
BURGLARY,RES BURGLARY OF UNCONNECTED BUILDING,Hounslow,28,40,30,19,16,21,14,27,28,43,13,23,22,17,27,18,36,29,31,26,26,26,29,15
DRUG OFFENCES,POSSESSION OF DRUGS,Hounslow,48,43,36,53,42,47,54,43,58,41,39,63,49,64,68,75,71,82,69,80,79,56,68,71
DRUG OFFENCES,TRAFFICKING OF DRUGS,Hounslow,23,34,41,41,64,49,69,44,58,34,44,38,33,68,96,56,52,32,33,50,42,55,42,41
FRAUD AND FORGERY,FRAUD AND FORGERY,Hounslow,0,1,1,0,0,0,0,0,0,0,0,0,0,0,0,0,0,0,0,0,0,0,0,0
MISCELLANEOUS CRIMES AGAINST SOCIETY,MISC CRIMES AGAINST SOCIETY,Hounslow,23,24,30,28,29,27,30,25,40,39,29,24,27,37,36,27,54,23,24,34,33,31,31,36
POSSESSION OF WEAPONS,POSSESSION OF WEAPONS,Hounslow,8,12,12,13,9,12,10,18,10,8,6,10,16,15,15,21,25,14,5,11,21,20,17,22
PUBLIC ORDER OFFENCES,OTHER OFFENCES PUBLIC ORDER,Hounslow,16,19,28,19,23,12,22,20,20,22,27,17,22,20,17,33,33,28,26,25,34,32,26,21
PUBLIC ORDER OFFENCES,PUBLIC FEAR ALARM OR DISTRESS,Hounslow,83,105,96,114,115,99,105,78,86,87,92,77,110,89,130,118,102,112,113,116,93,92,85,80
PUBLIC ORDER OFFENCES,RACE OR RELIGIOUS AGG PUBLIC FEAR,Hounslow,43,30,36,30,50,49,25,35,31,26,28,32,31,41,31,43,41,42,32,54,31,20,37,24
PUBLIC ORDER OFFENCES,VIOLENT DISORDER,Hounslow,1,2,0,0,0,0,0,0,0,0,0,0,0,0,0,0,0,1,1,0,0,0,1,0
ROBBERY,ROBBERY OF BUSINESS PROPERTY,Hounslow,11,20,23,12,23,27,17,22,14,15,13,9,10,17,24,16,27,23,22,24,11,20,16,14
ROBBERY,ROBBERY OF PERSONAL PROPERTY,Hounslow,35,32,39,50,44,37,43,34,31,44,41,36,27,38,46,41,34,39,32,28,23,26,39,23
SEXUAL OFFENCES,OTHER SEXUAL OFFENCES,Hounslow,44,40,39,50,54,42,53,38,42,45,39,33,39,35,32,61,45,43,44,41,40,46,44,44
SEXUAL OFFENCES,RAPE,Hounslow,17,17,22,15,17,14,25,30,14,22,24,20,9,20,41,28,25,22,24,30,25,22,15,14
THEFT,BICYCLE THEFT,Hounslow,38,48,39,46,41,42,47,46,49,38,20,20,38,68,36,37,53,36,53,37,42,28,23,24
THEFT,OTHER THEFT,Hounslow,206,233,214,221,251,205,194,188,202,224,176,174,148,189,189,215,178,201,193,217,192,211,184,154
THEFT,SHOPLIFTING,Hounslow,226,258,211,211,273,312,232,285,214,215,205,175,175,184,288,329,325,285,179,207,197,172,207,198
THEFT,THEFT FROM THE PERSON,Hounslow,75,73,52,73,122,86,96,101,138,81,84,90,91,68,58,62,92,87,102,58,73,71,92,84
VEHICLE OFFENCES,AGGRAVATED VEHICLE TAKING,Hounslow,0,0,1,3,2,3,1,2,1,1,1,1,0,1,0,2,3,1,2,0,2,0,0,3
VEHICLE OFFENCES,INTERFERING WITH A MOTOR VEHICLE,Hounslow,28,37,31,24,37,29,33,25,24,29,27,34,33,16,24,31,28,24,17,26,30,27,10,22
VEHICLE OFFENCES,THEFT FROM A VEHICLE,Hounslow,180,157,154,152,152,156,133,170,198,184,186,203,179,101,169,173,182,139,145,124,138,125,103,122
VEHICLE OFFENCES,THEFT OR UNAUTH TAKING OF A MOTOR VEH,Hounslow,64,77,98,74,84,90,68,93,66,74,49,60,72,81,83,68,72,54,89,76,69,53,67,65
VIOLENCE AGAINST THE PERSON,DEATH SERIOUS INJURY ILLEGAL DRIVING,Hounslow,0,0,0,0,0,0,1,1,0,1,1,1,0,0,0,3,0,0,0,2,0,0,1,0
VIOLENCE AGAINST THE PERSON,HOMICIDE,Hounslow,0,0,0,0,0,0,0,0,0,0,0,0,0,0,0,1,0,0,0,0,0,0,1,0
VIOLENCE AGAINST THE PERSON,STALKING AND HARASSMENT,Hounslow,162,142,168,165,195,169,146,192,162,161,179,139,174,177,157,179,162,147,150,205,188,179,175,173
VIOLENCE AGAINST THE PERSON,VIOLENCE WITH INJURY,Hounslow,187,182,210,193,218,174,198,175,172,173,180,135,167,184,204,186,225,198,204,160,204,170,172,138
VIOLENCE AGAINST THE PERSON,VIOLENCE WITHOUT INJURY,Hounslow,316,321,313,346,388,299,355,349,363,356,312,320,364,354,365,416,431,379,350,399,394,342,394,328
ARSON AND CRIMINAL DAMAGE,ARSON,Islington,3,5,3,9,2,3,9,8,7,3,9,4,7,5,10,5,2,5,1,4,7,3,10,3
ARSON AND CRIMINAL DAMAGE,CRIMINAL DAMAGE,Islington,117,144,154,150,129,145,153,123,105,125,140,141,170,143,126,134,149,121,118,152,123,92,107,102
BURGLARY,BURGLARY BUSINESS AND COMMUNITY,Islington,59,63,51,51,70,84,69,68,68,59,40,37,57,60,64,54,59,47,60,52,44,50,43,57
BURGLARY,RES BURGLARY OF A HOME,Islington,64,76,46,57,68,52,60,51,67,47,52,48,58,59,56,47,67,47,55,63,63,51,53,46
BURGLARY,RES BURGLARY OF UNCONNECTED BUILDING,Islington,30,33,30,23,25,33,32,29,22,43,44,27,29,30,34,47,32,17,34,35,30,22,23,30
DRUG OFFENCES,POSSESSION OF DRUGS,Islington,56,42,57,40,56,44,62,53,53,64,90,71,63,75,73,56,85,81,59,73,77,89,70,72
DRUG OFFENCES,TRAFFICKING OF DRUGS,Islington,26,31,20,24,39,38,70,59,47,75,59,52,71,141,187,110,109,70,81,98,89,76,90,49
FRAUD AND FORGERY,FRAUD AND FORGERY,Islington,1,0,2,1,0,0,0,0,0,0,0,0,1,0,0,0,0,0,0,0,0,0,0,0
MISCELLANEOUS CRIMES AGAINST SOCIETY,MISC CRIMES AGAINST SOCIETY,Islington,11,16,18,21,27,23,24,16,18,15,32,23,26,30,19,33,23,23,13,31,21,31,28,29
NFIB FRAUD,NFIB,Islington,2,0,1,0,0,0,0,0,0,0,0,0,0,0,0,0,0,0,0,0,0,0,0,0
POSSESSION OF WEAPONS,POSSESSION OF WEAPONS,Islington,9,9,14,16,17,11,17,13,13,13,7,18,18,18,19,15,18,22,21,18,21,10,15,21
PUBLIC ORDER OFFENCES,OTHER OFFENCES PUBLIC ORDER,Islington,20,22,25,29,21,30,15,23,25,22,26,22,29,23,38,20,37,36,29,28,25,20,30,33
PUBLIC ORDER OFFENCES,PUBLIC FEAR ALARM OR DISTRESS,Islington,84,86,106,95,117,95,93,122,101,82,111,101,96,92,105,131,113,105,108,110,110,87,100,75
PUBLIC ORDER OFFENCES,RACE OR RELIGIOUS AGG PUBLIC FEAR,Islington,20,23,37,28,45,46,35,40,30,52,34,37,37,42,56,42,48,46,55,50,28,42,37,38
PUBLIC ORDER OFFENCES,VIOLENT DISORDER,Islington,0,0,0,0,0,0,0,0,1,0,0,0,0,1,0,0,0,0,0,1,0,2,0,1
ROBBERY,ROBBERY OF BUSINESS PROPERTY,Islington,19,20,31,30,25,36,25,28,24,21,19,22,20,10,35,36,38,26,35,25,33,33,39,27
ROBBERY,ROBBERY OF PERSONAL PROPERTY,Islington,77,94,87,75,68,68,69,81,93,110,77,57,112,88,101,81,71,82,96,70,61,63,68,53
SEXUAL OFFENCES,OTHER SEXUAL OFFENCES,Islington,32,34,43,43,47,30,42,42,45,38,47,34,38,33,45,39,46,36,42,39,54,36,37,42
SEXUAL OFFENCES,RAPE,Islington,24,15,19,20,19,34,17,12,18,17,29,25,23,22,17,15,28,22,20,20,21,18,16,24
THEFT,BICYCLE THEFT,Islington,90,57,72,65,76,89,103,105,88,56,67,60,74,67,79,79,75,54,82,71,74,55,67,44
THEFT,OTHER THEFT,Islington,262,352,367,365,349,321,333,366,347,317,313,280,233,328,367,332,342,276,367,331,371,375,269,249
THEFT,SHOPLIFTING,Islington,176,214,239,271,334,366,340,306,305,237,299,260,298,236,295,268,293,261,293,271,271,291,269,268
THEFT,THEFT FROM THE PERSON,Islington,309,472,405,399,349,283,325,362,404,350,305,314,347,410,363,345,281,380,241,186,237,231,239,276
VEHICLE OFFENCES,AGGRAVATED VEHICLE TAKING,Islington,0,2,1,0,0,0,2,1,2,2,1,1,0,0,1,0,0,1,0,0,0,1,1,0
VEHICLE OFFENCES,INTERFERING WITH A MOTOR VEHICLE,Islington,16,17,22,14,16,21,17,18,27,21,19,23,29,29,17,16,11,11,20,11,13,11,17,9
VEHICLE OFFENCES,THEFT FROM A VEHICLE,Islington,150,156,182,168,142,150,169,194,111,141,162,147,192,135,124,87,98,107,117,113,86,104,84,81
VEHICLE OFFENCES,THEFT OR UNAUTH TAKING OF A MOTOR VEH,Islington,32,35,51,38,37,61,49,46,48,34,48,31,65,50,51,45,43,42,43,30,36,30,43,44
VIOLENCE AGAINST THE PERSON,DEATH SERIOUS INJURY ILLEGAL DRIVING,Islington,1,0,1,1,0,0,2,1,0,1,0,0,0,0,0,1,4,0,0,0,1,0,1,0
VIOLENCE AGAINST THE PERSON,HOMICIDE,Islington,0,0,0,0,1,0,0,1,0,0,0,1,0,0,0,0,0,0,0,0,0,1,0,0
VIOLENCE AGAINST THE PERSON,STALKING AND HARASSMENT,Islington,121,134,133,140,119,119,127,118,131,125,134,139,143,119,148,143,167,169,153,183,168,158,168,184
VIOLENCE AGAINST THE PERSON,VIOLENCE WITH INJURY,Islington,166,139,186,176,159,163,152,157,154,154,149,132,148,159,167,174,178,161,154,152,182,123,148,158
VIOLENCE AGAINST THE PERSON,VIOLENCE WITHOUT INJURY,Islington,239,259,280,288,273,252,278,300,274,289,276,227,310,259,253,293,284,262,281,339,282,282,271,272
ARSON AND CRIMINAL DAMAGE,ARSON,Kensington and Chelsea,3,8,3,0,4,2,2,0,2,1,5,1,4,4,5,1,0,2,3,0,1,2,1,2
ARSON AND CRIMINAL DAMAGE,CRIMINAL DAMAGE,Kensington and Chelsea,85,116,93,87,81,110,80,101,95,103,72,98,91,71,91,106,103,108,77,88,84,98,69,69
BURGLARY,BURGLARY BUSINESS AND COMMUNITY,Kensington and Chelsea,39,68,53,50,55,55,47,54,36,37,34,38,28,46,39,41,40,29,36,61,39,33,38,27
BURGLARY,RES BURGLARY OF A HOME,Kensington and Chelsea,52,52,55,67,56,56,61,60,64,79,63,47,57,43,54,43,54,45,41,60,44,49,71,38
BURGLARY,RES BURGLARY OF UNCONNECTED BUILDING,Kensington and Chelsea,18,20,14,13,19,6,19,22,20,31,24,9,16,8,12,16,15,10,19,25,20,23,10,14
DRUG OFFENCES,POSSESSION OF DRUGS,Kensington and Chelsea,25,23,57,36,29,276,43,48,41,30,37,35,33,40,29,26,39,401,39,65,45,33,33,25
DRUG OFFENCES,TRAFFICKING OF DRUGS,Kensington and Chelsea,22,15,9,12,8,20,40,31,27,19,21,14,23,26,41,43,44,33,23,62,23,34,35,19
FRAUD AND FORGERY,FRAUD AND FORGERY,Kensington and Chelsea,3,0,1,2,0,1,0,0,0,0,0,0,0,0,0,0,0,0,0,0,0,0,0,0
MISCELLANEOUS CRIMES AGAINST SOCIETY,MISC CRIMES AGAINST SOCIETY,Kensington and Chelsea,11,9,11,8,12,22,13,13,16,12,15,20,18,11,8,20,8,17,16,14,7,11,21,9
POSSESSION OF WEAPONS,POSSESSION OF WEAPONS,Kensington and Chelsea,3,10,11,7,7,44,10,9,6,7,6,9,9,11,11,14,15,43,7,5,10,5,7,6
PUBLIC ORDER OFFENCES,OTHER OFFENCES PUBLIC ORDER,Kensington and Chelsea,7,14,5,10,11,20,6,7,12,11,11,8,9,14,8,15,17,26,7,8,13,6,9,5
PUBLIC ORDER OFFENCES,PUBLIC FEAR ALARM OR DISTRESS,Kensington and Chelsea,64,56,67,49,67,70,61,70,65,59,45,59,64,70,65,77,74,90,75,52,62,65,45,48
PUBLIC ORDER OFFENCES,RACE OR RELIGIOUS AGG PUBLIC FEAR,Kensington and Chelsea,29,24,25,32,33,28,23,24,27,21,30,17,20,33,31,27,31,46,17,39,21,26,21,26
PUBLIC ORDER OFFENCES,VIOLENT DISORDER,Kensington and Chelsea,0,0,1,0,0,1,0,0,0,0,0,0,0,0,0,0,0,1,0,0,0,1,0,0
ROBBERY,ROBBERY OF BUSINESS PROPERTY,Kensington and Chelsea,11,6,14,9,19,13,11,16,9,16,17,7,8,18,15,14,16,19,16,20,20,12,12,14
ROBBERY,ROBBERY OF PERSONAL PROPERTY,Kensington and Chelsea,40,39,34,32,42,55,43,44,64,52,46,52,42,46,53,52,27,41,32,52,28,29,23,26
SEXUAL OFFENCES,OTHER SEXUAL OFFENCES,Kensington and Chelsea,21,29,34,33,31,45,24,18,43,27,20,30,24,30,26,37,33,57,28,28,30,23,27,19
SEXUAL OFFENCES,RAPE,Kensington and Chelsea,15,10,12,19,15,24,25,20,20,21,16,20,20,15,29,22,20,19,15,14,14,18,20,15
THEFT,BICYCLE THEFT,Kensington and Chelsea,27,39,32,35,35,40,61,31,35,18,22,19,17,32,36,38,45,23,36,35,19,19,21,24
THEFT,OTHER THEFT,Kensington and Chelsea,318,279,289,352,308,372,265,327,302,254,219,231,229,225,263,287,254,293,237,243,247,267,224,211
THEFT,SHOPLIFTING,Kensington and Chelsea,168,204,223,184,268,211,216,263,205,251,222,205,250,240,292,329,373,344,318,259,287,263,259,249
THEFT,THEFT FROM THE PERSON,Kensington and Chelsea,309,244,246,223,168,337,190,240,273,228,221,175,213,200,165,181,153,327,113,143,176,157,152,138
VEHICLE OFFENCES,AGGRAVATED VEHICLE TAKING,Kensington and Chelsea,0,2,0,0,0,0,0,1,0,0,0,0,0,1,0,0,0,0,1,0,0,2,1,0
VEHICLE OFFENCES,INTERFERING WITH A MOTOR VEHICLE,Kensington and Chelsea,24,24,14,11,9,5,7,11,20,18,19,19,16,14,15,10,13,17,12,18,16,10,6,11
VEHICLE OFFENCES,THEFT FROM A VEHICLE,Kensington and Chelsea,186,196,136,134,102,118,125,165,198,189,191,240,195,130,135,139,137,153,137,175,151,142,122,114
VEHICLE OFFENCES,THEFT OR UNAUTH TAKING OF A MOTOR VEH,Kensington and Chelsea,36,60,53,66,43,37,39,44,50,36,37,32,35,38,48,44,53,38,35,40,31,27,37,39
VIOLENCE AGAINST THE PERSON,DEATH SERIOUS INJURY ILLEGAL DRIVING,Kensington and Chelsea,0,0,0,0,1,0,1,0,0,0,0,0,0,0,1,0,1,0,1,0,0,0,3,0
VIOLENCE AGAINST THE PERSON,HOMICIDE,Kensington and Chelsea,1,0,0,0,1,1,1,1,0,0,0,0,0,0,0,0,1,0,0,0,0,1,0,0
VIOLENCE AGAINST THE PERSON,STALKING AND HARASSMENT,Kensington and Chelsea,72,76,93,78,76,94,93,91,89,66,78,78,109,106,79,98,98,96,88,111,80,99,92,88
VIOLENCE AGAINST THE PERSON,VIOLENCE WITH INJURY,Kensington and Chelsea,84,103,115,90,94,144,111,106,92,97,73,89,90,110,95,98,116,144,89,77,92,87,94,54
VIOLENCE AGAINST THE PERSON,VIOLENCE WITHOUT INJURY,Kensington and Chelsea,190,165,180,220,196,269,188,175,189,166,166,189,184,186,214,199,210,261,209,211,159,174,209,179
ARSON AND CRIMINAL DAMAGE,ARSON,Kingston upon Thames,4,1,2,0,4,9,4,1,2,0,1,5,2,3,3,3,3,2,3,6,1,1,1,2
ARSON AND CRIMINAL DAMAGE,CRIMINAL DAMAGE,Kingston upon Thames,61,67,62,92,111,101,61,64,82,64,67,72,69,64,82,62,92,63,66,79,86,57,54,50
BURGLARY,BURGLARY - RESIDENTIAL,Kingston upon Thames,0,0,0,1,0,0,0,0,0,0,0,0,0,0,0,0,0,0,0,0,0,0,0,0
BURGLARY,BURGLARY BUSINESS AND COMMUNITY,Kingston upon Thames,16,18,22,8,9,17,10,9,16,10,10,9,20,13,17,15,20,7,13,17,20,14,4,7
BURGLARY,RES BURGLARY OF A HOME,Kingston upon Thames,39,18,19,16,25,11,13,24,28,34,34,22,21,21,18,23,38,17,25,24,33,22,22,29
BURGLARY,RES BURGLARY OF UNCONNECTED BUILDING,Kingston upon Thames,13,10,6,15,14,12,8,9,9,20,15,16,8,21,10,16,19,10,10,16,16,5,9,11
DRUG OFFENCES,POSSESSION OF DRUGS,Kingston upon Thames,18,22,21,47,28,37,24,49,44,28,44,40,58,29,46,33,32,33,37,55,40,39,47,39
DRUG OFFENCES,TRAFFICKING OF DRUGS,Kingston upon Thames,13,9,11,6,10,7,17,12,15,7,18,19,22,13,19,22,14,12,29,36,18,18,28,9
FRAUD AND FORGERY,FRAUD AND FORGERY,Kingston upon Thames,0,0,0,0,0,0,0,0,0,0,0,0,0,0,0,0,0,0,0,0,1,0,0,0
MISCELLANEOUS CRIMES AGAINST SOCIETY,MISC CRIMES AGAINST SOCIETY,Kingston upon Thames,6,4,4,11,10,6,12,16,10,10,11,14,20,10,20,12,15,16,16,9,13,8,11,12
POSSESSION OF WEAPONS,POSSESSION OF WEAPONS,Kingston upon Thames,3,3,7,4,7,5,3,7,6,3,7,4,5,8,7,9,8,7,13,8,6,8,3,9
PUBLIC ORDER OFFENCES,OTHER OFFENCES PUBLIC ORDER,Kingston upon Thames,9,5,12,10,17,13,9,7,6,9,9,7,11,9,7,14,28,17,11,14,11,8,7,16
PUBLIC ORDER OFFENCES,PUBLIC FEAR ALARM OR DISTRESS,Kingston upon Thames,42,37,55,47,46,54,47,38,31,30,37,42,49,32,51,49,59,30,50,51,27,30,32,32
PUBLIC ORDER OFFENCES,RACE OR RELIGIOUS AGG PUBLIC FEAR,Kingston upon Thames,4,15,12,16,20,18,17,16,17,19,14,22,14,21,20,15,20,30,11,25,10,17,17,15
ROBBERY,ROBBERY OF BUSINESS PROPERTY,Kingston upon Thames,5,4,11,13,6,4,2,9,11,6,6,3,9,7,11,10,8,14,11,11,5,5,1,13
ROBBERY,ROBBERY OF PERSONAL PROPERTY,Kingston upon Thames,24,7,14,7,7,9,7,13,19,7,8,13,9,11,11,7,10,8,11,18,14,10,10,20
SEXUAL OFFENCES,OTHER SEXUAL OFFENCES,Kingston upon Thames,21,21,16,28,25,14,23,17,25,9,28,29,16,26,20,29,22,26,16,22,31,21,28,17
SEXUAL OFFENCES,RAPE,Kingston upon Thames,7,9,11,8,13,10,6,8,13,7,7,8,10,8,6,10,20,13,11,19,11,16,12,10
THEFT,BICYCLE THEFT,Kingston upon Thames,16,17,20,38,34,37,47,32,30,25,17,10,18,20,30,15,27,30,21,19,33,20,13,15
THEFT,OTHER THEFT,Kingston upon Thames,102,114,99,101,125,105,108,98,65,83,81,89,88,86,83,91,92,78,76,74,74,97,71,59
THEFT,SHOPLIFTING,Kingston upon Thames,101,121,123,135,165,151,127,133,115,119,144,140,142,118,152,137,171,124,110,132,137,137,108,120
THEFT,THEFT FROM THE PERSON,Kingston upon Thames,47,67,26,58,36,52,34,50,49,43,56,35,34,38,28,33,32,31,33,38,45,32,43,23
VEHICLE OFFENCES,AGGRAVATED VEHICLE TAKING,Kingston upon Thames,1,1,0,1,0,0,1,0,0,1,0,0,0,1,1,0,2,0,0,0,0,1,0,1
VEHICLE OFFENCES,INTERFERING WITH A MOTOR VEHICLE,Kingston upon Thames,7,14,13,11,10,20,7,9,11,6,7,8,4,16,15,13,19,24,18,14,34,18,12,24
VEHICLE OFFENCES,THEFT FROM A VEHICLE,Kingston upon Thames,36,33,36,39,32,55,26,24,37,41,24,29,54,37,44,43,43,44,31,40,63,52,67,46
VEHICLE OFFENCES,THEFT OR UNAUTH TAKING OF A MOTOR VEH,Kingston upon Thames,18,32,37,35,34,40,42,47,29,26,13,23,35,39,42,36,26,31,24,31,23,22,14,28
VIOLENCE AGAINST THE PERSON,DEATH SERIOUS INJURY ILLEGAL DRIVING,Kingston upon Thames,1,0,1,0,1,0,0,0,0,1,0,0,0,0,0,0,0,0,0,0,0,0,0,1
VIOLENCE AGAINST THE PERSON,HOMICIDE,Kingston upon Thames,0,0,0,0,1,0,0,0,0,0,0,0,0,0,0,0,0,0,0,0,0,0,0,0
VIOLENCE AGAINST THE PERSON,STALKING AND HARASSMENT,Kingston upon Thames,74,66,55,57,46,47,61,61,55,50,72,67,76,56,77,75,99,65,68,88,93,77,69,79
VIOLENCE AGAINST THE PERSON,VIOLENCE WITH INJURY,Kingston upon Thames,70,72,80,73,94,79,72,54,60,65,86,65,81,73,74,71,97,84,76,82,87,85,69,85
VIOLENCE AGAINST THE PERSON,VIOLENCE WITHOUT INJURY,Kingston upon Thames,115,121,115,123,144,110,127,132,141,135,140,141,147,129,121,136,134,117,128,171,139,157,143,166
ARSON AND CRIMINAL DAMAGE,ARSON,Lambeth,8,2,6,5,3,10,9,9,11,4,9,3,3,6,7,5,11,6,12,7,18,3,5,5
ARSON AND CRIMINAL DAMAGE,CRIMINAL DAMAGE,Lambeth,210,197,184,185,191,212,203,155,163,189,172,157,170,175,189,207,205,165,194,165,143,174,170,151
BURGLARY,BURGLARY BUSINESS AND COMMUNITY,Lambeth,55,53,59,80,72,69,75,88,40,60,55,44,52,51,48,60,58,52,52,43,47,60,44,31
BURGLARY,RES BURGLARY OF A HOME,Lambeth,67,84,78,81,80,77,93,81,90,76,57,64,57,48,74,65,71,66,67,60,55,74,61,54
BURGLARY,RES BURGLARY OF UNCONNECTED BUILDING,Lambeth,50,39,33,36,27,39,40,37,36,30,23,21,36,26,41,37,33,30,48,34,38,51,35,43
DRUG OFFENCES,POSSESSION OF DRUGS,Lambeth,46,38,112,96,75,77,95,107,81,85,95,93,102,93,110,103,70,91,102,113,99,99,109,102
DRUG OFFENCES,TRAFFICKING OF DRUGS,Lambeth,33,32,36,46,50,35,89,68,65,85,69,66,67,101,97,54,74,52,67,50,44,47,48,42
FRAUD AND FORGERY,FRAUD AND FORGERY,Lambeth,0,1,0,1,0,0,0,0,0,0,0,1,0,0,0,0,0,0,0,0,0,0,0,0
MISCELLANEOUS CRIMES AGAINST SOCIETY,MISC CRIMES AGAINST SOCIETY,Lambeth,26,20,20,30,24,21,36,32,31,24,48,32,46,45,44,40,40,31,30,46,45,35,28,29
NFIB FRAUD,NFIB,Lambeth,0,1,0,0,0,0,0,0,0,0,0,0,0,0,0,0,0,0,0,0,0,0,0,0
POSSESSION OF WEAPONS,POSSESSION OF WEAPONS,Lambeth,19,10,26,19,23,26,23,21,21,22,21,15,29,26,29,27,27,21,21,32,30,30,24,26
PUBLIC ORDER OFFENCES,OTHER OFFENCES PUBLIC ORDER,Lambeth,32,23,31,17,22,28,38,23,34,14,22,20,17,25,15,28,41,34,25,30,30,35,21,27
PUBLIC ORDER OFFENCES,PUBLIC FEAR ALARM OR DISTRESS,Lambeth,107,100,144,131,134,140,125,120,128,95,99,89,111,127,109,137,130,126,97,91,112,98,80,79
PUBLIC ORDER OFFENCES,RACE OR RELIGIOUS AGG PUBLIC FEAR,Lambeth,41,37,45,70,57,60,49,51,31,29,40,30,38,41,31,39,51,51,59,54,33,38,27,38
PUBLIC ORDER OFFENCES,VIOLENT DISORDER,Lambeth,0,0,0,0,0,0,0,0,0,0,0,0,0,0,0,0,0,0,1,1,0,1,0,1
ROBBERY,ROBBERY OF BUSINESS PROPERTY,Lambeth,28,34,29,38,30,26,29,30,27,24,16,20,11,22,32,31,39,25,27,29,42,28,24,28
ROBBERY,ROBBERY OF PERSONAL PROPERTY,Lambeth,153,161,162,179,180,188,160,193,153,129,124,100,107,132,104,122,120,114,117,112,135,108,133,99
SEXUAL OFFENCES,OTHER SEXUAL OFFENCES,Lambeth,59,59,73,80,61,72,73,86,64,68,64,44,58,56,68,71,71,67,63,61,56,55,112,60
SEXUAL OFFENCES,RAPE,Lambeth,41,29,34,36,32,25,43,37,37,23,28,42,26,36,31,47,43,44,35,35,29,32,35,38
THEFT,BICYCLE THEFT,Lambeth,75,73,75,81,87,102,79,86,73,60,54,55,59,65,82,64,96,83,88,99,77,61,56,69
THEFT,OTHER THEFT,Lambeth,359,358,431,440,435,355,400,397,353,369,330,300,325,326,404,417,435,422,337,377,387,383,379,317
THEFT,SHOPLIFTING,Lambeth,229,223,297,261,304,268,234,283,216,202,242,200,211,271,308,309,320,310,230,248,256,219,215,272
THEFT,THEFT FROM THE PERSON,Lambeth,454,440,431,406,379,508,442,500,442,430,334,398,472,510,509,462,422,412,468,379,466,427,326,316
VEHICLE OFFENCES,AGGRAVATED VEHICLE TAKING,Lambeth,1,0,0,1,1,0,0,0,3,3,3,1,1,2,1,2,0,2,1,0,1,2,1,1
VEHICLE OFFENCES,INTERFERING WITH A MOTOR VEHICLE,Lambeth,53,73,49,79,58,54,33,12,20,37,42,60,33,19,19,21,23,34,25,20,16,18,43,23
VEHICLE OFFENCES,THEFT FROM A VEHICLE,Lambeth,235,198,198,196,183,198,146,106,101,155,178,170,103,91,99,98,105,108,99,98,107,106,123,109
VEHICLE OFFENCES,THEFT OR UNAUTH TAKING OF A MOTOR VEH,Lambeth,113,100,72,111,84,93,70,100,71,71,67,72,71,74,71,91,74,82,88,72,64,72,79,64
VIOLENCE AGAINST THE PERSON,DEATH SERIOUS INJURY ILLEGAL DRIVING,Lambeth,0,0,1,0,1,2,0,1,1,2,0,2,0,2,0,0,1,0,0,0,1,1,1,1
VIOLENCE AGAINST THE PERSON,HOMICIDE,Lambeth,0,0,2,0,0,0,1,0,1,0,1,0,2,0,0,0,2,0,1,2,0,0,1,0
VIOLENCE AGAINST THE PERSON,STALKING AND HARASSMENT,Lambeth,164,150,161,171,147,176,166,165,178,166,153,145,152,148,162,161,197,210,186,193,191,152,206,179
VIOLENCE AGAINST THE PERSON,VIOLENCE WITH INJURY,Lambeth,223,193,253,244,270,213,231,251,225,221,215,192,220,278,253,246,247,231,204,238,201,236,218,213
VIOLENCE AGAINST THE PERSON,VIOLENCE WITHOUT INJURY,Lambeth,284,374,386,393,415,338,386,367,327,330,350,327,342,381,393,462,483,380,357,390,371,392,383,359
ARSON AND CRIMINAL DAMAGE,ARSON,Lewisham,9,11,7,8,9,5,8,7,3,4,6,5,3,12,7,13,6,4,4,3,5,3,2,3
ARSON AND CRIMINAL DAMAGE,CRIMINAL DAMAGE,Lewisham,130,149,167,177,187,160,169,178,158,160,138,153,168,178,186,174,187,166,146,167,169,162,188,129
BURGLARY,BURGLARY BUSINESS AND COMMUNITY,Lewisham,38,47,43,48,26,53,35,32,29,24,25,14,31,25,43,15,17,23,30,21,26,24,32,23
BURGLARY,RES BURGLARY OF A HOME,Lewisham,94,89,68,70,88,77,87,60,76,92,78,61,88,75,56,61,57,77,86,85,83,92,76,60
BURGLARY,RES BURGLARY OF UNCONNECTED BUILDING,Lewisham,35,26,31,30,32,33,23,24,35,26,22,21,26,39,37,20,28,31,21,29,27,22,31,15
DRUG OFFENCES,POSSESSION OF DRUGS,Lewisham,72,60,85,71,67,75,77,126,123,78,100,103,99,97,93,88,106,116,73,137,129,88,78,87
DRUG OFFENCES,TRAFFICKING OF DRUGS,Lewisham,27,29,32,35,34,43,76,79,99,100,96,94,74,70,73,72,59,48,53,51,30,50,41,31
FRAUD AND FORGERY,FRAUD AND FORGERY,Lewisham,0,2,0,0,0,0,1,0,0,0,0,0,0,0,0,0,0,0,0,0,0,0,0,0
MISCELLANEOUS CRIMES AGAINST SOCIETY,MISC CRIMES AGAINST SOCIETY,Lewisham,29,19,28,26,28,21,34,19,21,30,33,32,44,33,42,32,37,34,31,41,34,34,26,43
POSSESSION OF WEAPONS,POSSESSION OF WEAPONS,Lewisham,23,14,23,11,20,20,19,20,23,19,22,20,29,25,32,30,28,31,27,31,33,31,24,32
PUBLIC ORDER OFFENCES,OTHER OFFENCES PUBLIC ORDER,Lewisham,18,29,31,29,37,22,26,36,33,39,24,31,34,30,27,32,30,33,44,24,41,32,37,33
PUBLIC ORDER OFFENCES,PUBLIC FEAR ALARM OR DISTRESS,Lewisham,117,95,120,103,122,139,107,121,89,98,119,96,123,111,118,128,140,120,112,118,81,68,82,71
PUBLIC ORDER OFFENCES,RACE OR RELIGIOUS AGG PUBLIC FEAR,Lewisham,28,33,33,42,42,52,36,43,36,30,22,36,28,46,41,38,49,35,37,38,27,35,36,30
ROBBERY,ROBBERY OF BUSINESS PROPERTY,Lewisham,11,19,17,14,27,19,24,21,19,14,26,16,20,24,15,17,27,26,28,20,22,20,24,27
ROBBERY,ROBBERY OF PERSONAL PROPERTY,Lewisham,50,60,72,77,93,72,84,92,80,47,66,69,58,57,54,57,71,45,48,57,86,81,52,57
SEXUAL OFFENCES,OTHER SEXUAL OFFENCES,Lewisham,46,43,51,52,56,47,47,67,56,49,50,46,44,41,42,56,75,53,60,62,66,53,53,42
SEXUAL OFFENCES,RAPE,Lewisham,42,37,33,31,43,38,33,25,40,35,37,33,37,25,37,36,46,28,24,46,29,38,34,24
THEFT,BICYCLE THEFT,Lewisham,47,56,52,50,45,38,31,32,28,19,31,18,19,30,40,33,32,21,29,29,36,19,24,11
THEFT,OTHER THEFT,Lewisham,255,235,228,256,239,247,237,249,209,248,231,215,196,196,237,227,226,207,221,195,224,210,202,225
THEFT,SHOPLIFTING,Lewisham,251,261,209,310,348,206,138,153,199,129,146,215,152,150,163,166,175,224,178,198,207,203,269,301
THEFT,THEFT FROM THE PERSON,Lewisham,137,126,142,176,184,181,178,178,182,126,101,77,99,111,144,111,110,95,88,104,93,100,82,96
VEHICLE OFFENCES,AGGRAVATED VEHICLE TAKING,Lewisham,2,0,0,2,1,4,1,3,2,4,2,4,2,2,3,1,2,6,3,0,1,2,0,0
VEHICLE OFFENCES,INTERFERING WITH A MOTOR VEHICLE,Lewisham,38,44,39,42,51,33,30,28,36,28,29,18,24,29,32,27,18,32,15,40,26,22,16,21
VEHICLE OFFENCES,THEFT FROM A VEHICLE,Lewisham,174,176,174,182,130,124,137,114,138,119,128,90,114,129,107,99,92,112,86,100,93,95,81,70
VEHICLE OFFENCES,THEFT OR UNAUTH TAKING OF A MOTOR VEH,Lewisham,114,95,92,102,98,107,93,106,100,106,111,87,86,133,116,90,105,91,106,114,94,77,74,85
VIOLENCE AGAINST THE PERSON,DEATH SERIOUS INJURY ILLEGAL DRIVING,Lewisham,0,0,2,0,0,0,0,0,0,1,0,1,1,0,1,0,1,0,1,1,0,0,1,0
VIOLENCE AGAINST THE PERSON,HOMICIDE,Lewisham,2,0,0,1,1,1,0,0,1,0,0,0,1,1,1,1,0,2,1,2,0,2,0,0
VIOLENCE AGAINST THE PERSON,STALKING AND HARASSMENT,Lewisham,201,169,188,163,193,162,225,170,199,208,184,181,179,190,223,215,235,220,192,223,229,212,214,225
VIOLENCE AGAINST THE PERSON,VIOLENCE WITH INJURY,Lewisham,210,243,281,232,257,199,231,231,169,188,199,167,198,232,247,254,233,238,207,235,228,204,208,213
VIOLENCE AGAINST THE PERSON,VIOLENCE WITHOUT INJURY,Lewisham,322,307,400,353,371,384,333,381,347,360,316,324,356,367,378,371,396,333,388,407,366,360,368,338
ARSON AND CRIMINAL DAMAGE,ARSON,Merton,0,6,3,3,6,3,1,4,1,3,2,2,7,6,1,2,4,1,5,1,2,3,1,2
ARSON AND CRIMINAL DAMAGE,CRIMINAL DAMAGE,Merton,93,91,82,105,103,96,74,90,90,69,74,54,82,88,107,95,79,110,69,105,80,77,59,43
BURGLARY,BURGLARY BUSINESS AND COMMUNITY,Merton,10,23,13,14,16,12,10,13,15,13,23,13,8,17,17,22,15,20,9,11,12,16,12,11
BURGLARY,RES BURGLARY OF A HOME,Merton,66,40,31,51,30,65,40,41,51,55,45,28,36,32,38,32,55,23,30,34,41,45,43,29
BURGLARY,RES BURGLARY OF UNCONNECTED BUILDING,Merton,19,16,18,12,17,17,19,12,22,15,11,18,8,14,8,15,13,12,10,11,12,10,7,6
DRUG OFFENCES,POSSESSION OF DRUGS,Merton,22,24,17,26,39,24,39,31,33,29,30,35,42,49,30,38,29,29,24,28,50,52,28,34
DRUG OFFENCES,TRAFFICKING OF DRUGS,Merton,17,11,18,11,25,11,28,25,38,34,36,27,36,35,25,13,16,17,16,23,26,40,34,25
FRAUD AND FORGERY,FRAUD AND FORGERY,Merton,1,0,0,0,1,0,0,0,0,1,0,0,0,0,0,0,0,0,0,0,0,0,0,0
MISCELLANEOUS CRIMES AGAINST SOCIETY,MISC CRIMES AGAINST SOCIETY,Merton,13,16,14,17,11,12,14,10,13,16,21,15,10,20,11,20,18,18,18,9,19,14,18,26
POSSESSION OF WEAPONS,POSSESSION OF WEAPONS,Merton,5,3,10,9,9,4,16,9,6,5,8,4,9,11,8,14,11,10,9,7,6,7,10,16
PUBLIC ORDER OFFENCES,OTHER OFFENCES PUBLIC ORDER,Merton,8,10,10,17,13,13,9,12,6,11,6,12,13,11,9,9,6,3,9,11,12,8,9,18
PUBLIC ORDER OFFENCES,PUBLIC FEAR ALARM OR DISTRESS,Merton,55,43,51,45,43,37,50,67,45,52,43,41,52,45,59,53,57,53,53,40,33,38,40,47
PUBLIC ORDER OFFENCES,RACE OR RELIGIOUS AGG PUBLIC FEAR,Merton,15,7,19,9,20,31,17,18,15,17,18,16,9,13,19,12,31,21,7,21,11,26,16,19
ROBBERY,ROBBERY OF BUSINESS PROPERTY,Merton,10,15,16,15,10,11,10,6,13,14,11,9,15,15,13,14,17,15,11,11,13,13,9,8
ROBBERY,ROBBERY OF PERSONAL PROPERTY,Merton,24,19,31,14,17,26,16,18,17,27,16,17,26,22,21,13,12,9,14,13,17,24,17,22
SEXUAL OFFENCES,OTHER SEXUAL OFFENCES,Merton,18,23,26,26,24,26,20,24,25,33,20,25,28,22,23,32,28,29,16,21,33,31,37,29
SEXUAL OFFENCES,RAPE,Merton,9,10,11,17,16,11,15,8,14,7,14,15,16,24,21,14,19,20,13,8,19,26,27,12
THEFT,BICYCLE THEFT,Merton,14,7,22,29,23,29,22,18,8,14,12,16,9,23,16,20,26,23,22,28,12,18,11,18
THEFT,OTHER THEFT,Merton,120,120,125,117,124,115,121,97,102,100,111,88,82,100,108,90,126,93,93,103,102,118,104,74
THEFT,SHOPLIFTING,Merton,114,146,134,113,137,198,173,215,220,101,152,173,206,179,146,117,129,125,81,105,91,88,87,84
THEFT,THEFT FROM THE PERSON,Merton,33,28,30,31,33,35,41,17,45,35,32,26,35,28,34,29,19,27,18,25,30,20,32,30
VEHICLE OFFENCES,AGGRAVATED VEHICLE TAKING,Merton,1,1,1,1,0,1,0,1,1,1,1,1,1,0,1,0,0,1,0,0,1,1,2,0
VEHICLE OFFENCES,INTERFERING WITH A MOTOR VEHICLE,Merton,14,16,26,18,30,22,28,17,18,9,17,7,12,13,10,12,20,19,10,16,14,12,15,18
VEHICLE OFFENCES,THEFT FROM A VEHICLE,Merton,42,63,74,88,67,50,70,76,48,39,43,43,45,54,44,38,46,45,64,50,52,32,41,34
VEHICLE OFFENCES,THEFT OR UNAUTH TAKING OF A MOTOR VEH,Merton,42,60,41,39,55,47,72,73,55,37,53,45,68,54,55,59,51,36,23,49,50,57,63,46
VIOLENCE AGAINST THE PERSON,DEATH SERIOUS INJURY ILLEGAL DRIVING,Merton,0,0,1,0,0,0,0,0,0,1,0,0,1,0,0,0,0,0,0,0,0,2,0,4
VIOLENCE AGAINST THE PERSON,HOMICIDE,Merton,0,0,0,0,0,0,0,0,0,0,0,0,0,1,0,0,0,0,0,0,1,0,0,1
VIOLENCE AGAINST THE PERSON,STALKING AND HARASSMENT,Merton,68,65,70,55,95,85,79,62,63,69,78,70,100,83,65,97,123,91,95,81,100,106,78,98
VIOLENCE AGAINST THE PERSON,VIOLENCE WITH INJURY,Merton,88,92,107,105,138,85,97,73,70,92,81,80,94,94,102,119,122,92,102,89,90,95,74,77
VIOLENCE AGAINST THE PERSON,VIOLENCE WITHOUT INJURY,Merton,144,165,157,170,177,163,168,165,150,161,157,118,181,152,186,182,172,166,198,178,181,187,181,152
ARSON AND CRIMINAL DAMAGE,ARSON,Newham,12,8,6,4,12,3,6,4,10,4,11,7,7,8,6,13,5,7,8,6,3,5,8,5
ARSON AND CRIMINAL DAMAGE,CRIMINAL DAMAGE,Newham,153,183,163,173,188,176,155,165,144,132,146,128,174,172,185,167,178,180,175,168,138,157,144,153
BURGLARY,BURGLARY BUSINESS AND COMMUNITY,Newham,52,59,81,71,72,101,77,57,55,50,38,41,29,50,53,36,33,52,58,61,51,44,68,58
BURGLARY,RES BURGLARY OF A HOME,Newham,81,64,50,50,65,75,53,60,85,72,51,64,56,47,44,34,40,50,50,62,54,52,47,61
BURGLARY,RES BURGLARY OF UNCONNECTED BUILDING,Newham,33,36,37,31,39,32,26,35,30,34,36,27,26,28,30,24,35,37,43,35,42,50,32,28
DRUG OFFENCES,POSSESSION OF DRUGS,Newham,99,102,91,90,71,75,83,107,150,124,121,141,122,104,105,108,164,151,124,130,130,177,195,153
DRUG OFFENCES,TRAFFICKING OF DRUGS,Newham,45,65,43,55,73,69,163,110,137,147,134,179,146,125,87,64,84,39,58,46,51,84,111,43
FRAUD AND FORGERY,FRAUD AND FORGERY,Newham,2,2,2,1,0,0,0,2,0,0,1,1,0,2,0,0,0,0,0,0,0,0,0,0
MISCELLANEOUS CRIMES AGAINST SOCIETY,MISC CRIMES AGAINST SOCIETY,Newham,28,24,32,35,39,53,42,55,54,44,49,36,48,43,59,47,38,48,32,53,37,49,59,42
POSSESSION OF WEAPONS,POSSESSION OF WEAPONS,Newham,23,22,12,16,23,25,22,36,13,18,25,19,35,21,23,20,29,32,30,23,21,22,32,23
PUBLIC ORDER OFFENCES,OTHER OFFENCES PUBLIC ORDER,Newham,23,25,15,25,27,28,26,35,31,21,23,30,28,19,31,28,46,38,25,49,36,18,39,34
PUBLIC ORDER OFFENCES,PUBLIC FEAR ALARM OR DISTRESS,Newham,106,104,108,98,130,127,121,125,103,106,100,72,101,99,125,109,118,120,112,109,103,96,74,77
PUBLIC ORDER OFFENCES,RACE OR RELIGIOUS AGG PUBLIC FEAR,Newham,38,39,51,44,43,57,32,34,34,31,24,31,41,30,47,54,30,45,45,45,40,33,46,41
PUBLIC ORDER OFFENCES,VIOLENT DISORDER,Newham,1,1,0,0,0,1,0,0,0,2,0,0,0,0,0,0,0,0,0,0,1,0,0,0
ROBBERY,ROBBERY OF BUSINESS PROPERTY,Newham,15,23,25,16,22,33,40,35,28,28,40,29,25,33,30,34,24,32,31,40,26,20,29,29
ROBBERY,ROBBERY OF PERSONAL PROPERTY,Newham,135,111,128,115,103,117,131,125,102,133,119,112,118,112,114,108,110,105,76,140,131,130,133,102
SEXUAL OFFENCES,OTHER SEXUAL OFFENCES,Newham,39,53,48,59,52,50,60,63,64,45,53,42,52,40,66,70,65,67,62,62,64,46,79,46
SEXUAL OFFENCES,RAPE,Newham,36,25,35,35,26,27,36,34,33,30,33,35,42,37,38,49,51,35,28,34,37,42,37,24
THEFT,BICYCLE THEFT,Newham,33,26,54,62,68,50,55,60,53,45,24,29,27,40,56,58,47,70,43,41,50,35,24,38
THEFT,OTHER THEFT,Newham,413,420,426,449,432,422,457,456,409,418,373,323,391,320,384,385,411,286,365,401,386,393,355,342
THEFT,SHOPLIFTING,Newham,274,386,313,345,357,414,406,442,432,419,421,412,374,383,489,431,395,429,389,403,339,304,268,263
THEFT,THEFT FROM THE PERSON,Newham,488,538,425,383,320,335,291,370,431,406,374,395,427,352,284,277,335,263,273,419,392,361,336,320
VEHICLE OFFENCES,AGGRAVATED VEHICLE TAKING,Newham,3,1,2,2,4,1,4,1,2,1,1,1,2,2,2,2,3,4,3,4,1,1,1,1
VEHICLE OFFENCES,INTERFERING WITH A MOTOR VEHICLE,Newham,50,68,54,30,21,27,43,49,38,31,31,21,39,36,28,11,36,27,31,33,34,33,34,19
VEHICLE OFFENCES,THEFT FROM A VEHICLE,Newham,243,241,180,188,199,195,194,188,158,165,167,159,146,175,183,122,175,144,188,217,254,249,216,243
VEHICLE OFFENCES,THEFT OR UNAUTH TAKING OF A MOTOR VEH,Newham,144,146,164,131,121,145,160,163,124,129,130,133,100,116,140,130,154,160,147,159,143,140,107,129
VIOLENCE AGAINST THE PERSON,DEATH SERIOUS INJURY ILLEGAL DRIVING,Newham,0,0,1,1,0,1,1,1,0,0,3,0,2,0,0,0,1,1,0,0,0,3,0,1
VIOLENCE AGAINST THE PERSON,HOMICIDE,Newham,1,0,1,0,2,2,0,1,0,0,0,0,0,0,0,0,0,0,0,0,1,0,0,1
VIOLENCE AGAINST THE PERSON,STALKING AND HARASSMENT,Newham,184,162,196,177,213,192,164,221,181,190,167,192,211,189,222,211,252,212,241,249,257,201,248,241
VIOLENCE AGAINST THE PERSON,VIOLENCE WITH INJURY,Newham,220,215,254,254,249,250,206,238,210,198,218,162,241,224,265,249,263,235,209,212,225,235,226,221
VIOLENCE AGAINST THE PERSON,VIOLENCE WITHOUT INJURY,Newham,355,354,413,445,462,373,409,400,396,404,374,321,397,446,376,463,530,393,429,491,417,441,437,417
ARSON AND CRIMINAL DAMAGE,ARSON,Redbridge,5,2,5,10,10,8,6,5,5,10,7,1,6,6,8,1,6,9,4,5,3,1,3,6
ARSON AND CRIMINAL DAMAGE,CRIMINAL DAMAGE,Redbridge,119,110,121,126,144,126,107,111,111,107,109,111,110,117,122,116,138,117,108,138,115,118,127,115
BURGLARY,BURGLARY BUSINESS AND COMMUNITY,Redbridge,59,48,62,53,74,71,72,52,38,22,20,23,24,29,29,20,26,31,55,42,17,35,29,31
BURGLARY,RES BURGLARY OF A HOME,Redbridge,62,47,53,61,48,52,29,56,76,73,55,64,45,35,29,29,29,45,37,73,73,63,50,59
BURGLARY,RES BURGLARY OF UNCONNECTED BUILDING,Redbridge,20,10,5,14,12,16,19,17,8,13,19,13,15,8,7,11,14,19,12,18,15,17,16,11
DRUG OFFENCES,POSSESSION OF DRUGS,Redbridge,39,43,42,40,43,50,39,81,57,69,90,80,65,76,84,90,85,74,73,98,56,65,69,51
DRUG OFFENCES,TRAFFICKING OF DRUGS,Redbridge,26,26,16,19,21,17,22,59,43,44,36,26,22,20,34,40,33,21,29,30,15,31,74,29
FRAUD AND FORGERY,FRAUD AND FORGERY,Redbridge,0,0,1,0,0,0,0,1,0,0,0,0,1,0,0,0,0,0,0,0,0,0,0,0
MISCELLANEOUS CRIMES AGAINST SOCIETY,MISC CRIMES AGAINST SOCIETY,Redbridge,19,20,20,20,23,27,26,35,24,27,32,26,31,25,38,25,34,20,31,30,34,37,38,31
POSSESSION OF WEAPONS,POSSESSION OF WEAPONS,Redbridge,20,8,15,16,9,10,11,14,13,13,10,8,15,12,12,15,19,15,8,13,16,23,13,14
PUBLIC ORDER OFFENCES,OTHER OFFENCES PUBLIC ORDER,Redbridge,19,10,20,30,24,19,14,17,17,7,19,15,13,15,23,12,34,18,15,13,13,15,16,21
PUBLIC ORDER OFFENCES,PUBLIC FEAR ALARM OR DISTRESS,Redbridge,66,53,64,91,78,61,74,75,63,44,58,58,76,65,72,54,90,81,68,72,59,68,64,62
PUBLIC ORDER OFFENCES,RACE OR RELIGIOUS AGG PUBLIC FEAR,Redbridge,36,34,47,35,33,37,22,24,39,20,32,21,32,28,21,47,37,33,46,35,40,30,15,27
PUBLIC ORDER OFFENCES,VIOLENT DISORDER,Redbridge,0,0,0,0,0,1,0,0,0,0,0,0,0,0,0,0,0,1,1,0,0,0,0,0
ROBBERY,ROBBERY OF BUSINESS PROPERTY,Redbridge,18,12,17,18,18,17,20,15,19,14,10,19,11,21,20,24,26,13,21,19,25,21,16,12
ROBBERY,ROBBERY OF PERSONAL PROPERTY,Redbridge,52,41,49,32,37,46,29,52,45,37,42,31,73,89,61,54,51,58,54,46,57,49,44,36
SEXUAL OFFENCES,OTHER SEXUAL OFFENCES,Redbridge,39,30,40,49,53,39,34,39,34,37,40,35,28,28,30,48,39,37,50,40,44,44,41,24
SEXUAL OFFENCES,RAPE,Redbridge,23,16,28,32,23,15,31,25,16,23,19,21,35,25,27,21,23,21,27,30,19,26,23,16
THEFT,BICYCLE THEFT,Redbridge,12,16,17,37,18,20,19,23,17,14,16,12,15,22,12,16,25,18,20,18,8,14,11,7
THEFT,OTHER THEFT,Redbridge,241,223,238,227,232,191,184,205,183,190,203,185,170,181,182,168,182,168,201,187,159,188,206,164
THEFT,SHOPLIFTING,Redbridge,112,143,175,159,179,160,183,145,167,99,100,141,200,172,230,219,198,206,220,167,176,212,147,155
THEFT,THEFT FROM THE PERSON,Redbridge,146,126,99,108,82,92,80,108,133,145,133,139,127,145,86,67,69,78,89,103,140,122,94,150
VEHICLE OFFENCES,AGGRAVATED VEHICLE TAKING,Redbridge,1,1,0,1,3,3,1,3,1,1,2,1,1,2,0,3,0,0,2,0,3,2,4,0
VEHICLE OFFENCES,INTERFERING WITH A MOTOR VEHICLE,Redbridge,27,29,28,29,22,30,33,41,21,32,30,31,19,26,42,19,21,25,14,30,21,21,20,27
VEHICLE OFFENCES,THEFT FROM A VEHICLE,Redbridge,122,150,142,137,121,114,125,148,134,130,125,117,100,112,94,106,90,92,113,97,117,115,126,94
VEHICLE OFFENCES,THEFT OR UNAUTH TAKING OF A MOTOR VEH,Redbridge,101,87,108,114,138,121,103,118,116,117,121,82,91,101,132,121,120,114,107,99,101,81,94,61
VIOLENCE AGAINST THE PERSON,DEATH SERIOUS INJURY ILLEGAL DRIVING,Redbridge,0,0,0,0,2,0,0,2,0,0,0,0,1,0,0,1,0,0,0,2,0,1,0,0
VIOLENCE AGAINST THE PERSON,HOMICIDE,Redbridge,0,0,1,0,0,0,0,1,0,0,0,0,0,0,0,0,1,1,0,0,0,0,1,0
VIOLENCE AGAINST THE PERSON,STALKING AND HARASSMENT,Redbridge,144,140,143,148,154,116,152,154,157,125,166,144,141,150,181,197,167,167,182,172,181,163,196,173
VIOLENCE AGAINST THE PERSON,VIOLENCE WITH INJURY,Redbridge,172,156,199,175,199,189,150,166,170,141,155,128,148,153,171,185,191,191,173,192,173,180,160,148
VIOLENCE AGAINST THE PERSON,VIOLENCE WITHOUT INJURY,Redbridge,339,311,375,311,357,309,303,309,307,351,325,270,302,346,372,346,384,372,342,381,351,340,308,331
ARSON AND CRIMINAL DAMAGE,ARSON,Richmond upon Thames,3,1,2,2,7,15,3,3,1,0,2,5,8,3,2,4,4,6,7,1,1,1,2,2
ARSON AND CRIMINAL DAMAGE,CRIMINAL DAMAGE,Richmond upon Thames,61,69,79,87,101,95,56,79,100,65,64,54,63,63,96,99,121,87,114,97,86,83,98,72
BURGLARY,BURGLARY BUSINESS AND COMMUNITY,Richmond upon Thames,30,23,31,40,24,27,26,31,13,23,38,13,19,19,45,25,18,19,11,28,20,15,12,9
BURGLARY,RES BURGLARY OF A HOME,Richmond upon Thames,59,19,44,35,25,36,31,33,40,48,52,35,34,22,24,39,31,35,39,25,28,26,63,41
BURGLARY,RES BURGLARY OF UNCONNECTED BUILDING,Richmond upon Thames,17,14,19,16,11,15,16,23,24,19,19,17,24,31,29,22,23,18,25,28,11,6,14,11
DRUG OFFENCES,POSSESSION OF DRUGS,Richmond upon Thames,19,10,9,19,10,14,17,16,17,14,16,15,14,19,23,8,17,21,21,16,20,14,23,10
DRUG OFFENCES,TRAFFICKING OF DRUGS,Richmond upon Thames,13,24,28,44,50,39,29,33,37,50,32,30,19,35,99,22,31,26,22,32,22,11,24,19
FRAUD AND FORGERY,FRAUD AND FORGERY,Richmond upon Thames,1,1,0,1,0,1,0,0,0,0,0,0,0,0,0,0,0,0,0,0,0,0,0,0
MISCELLANEOUS CRIMES AGAINST SOCIETY,MISC CRIMES AGAINST SOCIETY,Richmond upon Thames,4,10,10,8,10,12,13,20,10,15,9,10,9,12,8,12,15,17,14,10,12,10,12,22
NFIB FRAUD,NFIB,Richmond upon Thames,0,1,0,0,0,0,0,0,0,0,0,0,0,0,0,0,0,0,0,0,0,0,0,0
POSSESSION OF WEAPONS,POSSESSION OF WEAPONS,Richmond upon Thames,1,3,4,6,5,1,5,4,4,5,1,2,6,10,2,7,5,4,1,4,4,6,5,3
PUBLIC ORDER OFFENCES,OTHER OFFENCES PUBLIC ORDER,Richmond upon Thames,8,4,10,11,10,7,10,8,9,6,12,4,15,15,17,15,13,11,10,11,11,21,7,13
PUBLIC ORDER OFFENCES,PUBLIC FEAR ALARM OR DISTRESS,Richmond upon Thames,50,47,59,50,53,39,46,34,38,39,46,20,53,26,80,58,48,36,41,28,43,38,37,28
PUBLIC ORDER OFFENCES,RACE OR RELIGIOUS AGG PUBLIC FEAR,Richmond upon Thames,17,8,18,10,17,13,13,7,11,11,9,10,11,13,12,13,16,23,11,13,13,17,11,10
ROBBERY,ROBBERY OF BUSINESS PROPERTY,Richmond upon Thames,7,12,12,14,16,8,4,7,12,7,11,10,9,10,9,16,12,8,9,6,7,4,11,9
ROBBERY,ROBBERY OF PERSONAL PROPERTY,Richmond upon Thames,17,10,16,24,7,13,15,20,20,7,11,10,11,14,9,19,19,11,4,17,6,10,17,16
SEXUAL OFFENCES,OTHER SEXUAL OFFENCES,Richmond upon Thames,15,14,17,22,20,19,20,14,12,17,18,17,13,19,30,20,20,15,22,20,17,8,25,23
SEXUAL OFFENCES,RAPE,Richmond upon Thames,14,5,13,6,14,8,12,10,21,6,8,2,13,8,11,15,13,6,6,6,11,10,11,9
THEFT,BICYCLE THEFT,Richmond upon Thames,37,53,62,43,31,52,37,33,49,25,24,23,28,47,45,39,43,38,36,26,24,8,21,24
THEFT,OTHER THEFT,Richmond upon Thames,95,80,108,109,100,101,95,101,118,100,73,88,92,96,106,91,102,84,91,92,79,107,79,69
THEFT,SHOPLIFTING,Richmond upon Thames,86,119,105,125,131,131,129,114,144,98,101,110,113,121,103,103,117,86,71,98,110,82,66,106
THEFT,THEFT FROM THE PERSON,Richmond upon Thames,31,12,18,38,16,33,29,28,37,21,25,23,23,22,19,24,34,14,12,23,20,27,24,16
VEHICLE OFFENCES,AGGRAVATED VEHICLE TAKING,Richmond upon Thames,0,2,2,1,0,0,1,1,0,0,1,0,0,0,1,1,0,0,0,1,2,2,0,0
VEHICLE OFFENCES,INTERFERING WITH A MOTOR VEHICLE,Richmond upon Thames,27,21,13,23,23,24,16,12,22,18,14,17,15,21,21,20,10,10,19,27,6,13,19,23
VEHICLE OFFENCES,THEFT FROM A VEHICLE,Richmond upon Thames,75,85,69,92,110,90,53,76,89,98,81,89,94,62,73,70,76,60,60,83,77,60,73,64
VEHICLE OFFENCES,THEFT OR UNAUTH TAKING OF A MOTOR VEH,Richmond upon Thames,38,44,59,41,53,53,51,58,61,28,31,41,58,61,51,50,36,42,31,49,38,33,38,49
VIOLENCE AGAINST THE PERSON,DEATH SERIOUS INJURY ILLEGAL DRIVING,Richmond upon Thames,0,0,0,0,0,1,0,0,0,0,1,0,0,0,0,0,1,0,0,0,0,0,1,1
VIOLENCE AGAINST THE PERSON,HOMICIDE,Richmond upon Thames,0,0,0,0,0,0,0,0,0,0,0,0,0,1,0,0,0,0,0,0,0,1,0,0
VIOLENCE AGAINST THE PERSON,STALKING AND HARASSMENT,Richmond upon Thames,56,59,70,54,64,69,72,69,57,63,60,55,58,70,68,68,79,63,60,83,71,78,72,84
VIOLENCE AGAINST THE PERSON,VIOLENCE WITH INJURY,Richmond upon Thames,47,69,67,86,85,63,70,76,62,74,41,42,79,48,65,82,81,56,53,63,58,63,50,45
VIOLENCE AGAINST THE PERSON,VIOLENCE WITHOUT INJURY,Richmond upon Thames,103,113,132,124,114,101,117,125,132,112,112,83,131,135,122,119,118,122,117,117,98,125,112,98
ARSON AND CRIMINAL DAMAGE,ARSON,Southwark,9,7,7,4,5,2,5,11,11,5,9,11,5,7,3,4,4,3,7,6,3,3,8,2
ARSON AND CRIMINAL DAMAGE,CRIMINAL DAMAGE,Southwark,131,150,180,158,144,124,174,216,151,193,177,140,159,156,138,149,146,179,158,141,127,156,163,146
BURGLARY,BURGLARY BUSINESS AND COMMUNITY,Southwark,47,56,86,64,80,67,77,97,60,70,77,67,104,84,99,83,91,75,65,72,63,69,55,45
BURGLARY,RES BURGLARY OF A HOME,Southwark,79,92,77,66,74,81,77,84,83,111,106,83,76,67,85,88,69,102,68,89,83,97,86,75
BURGLARY,RES BURGLARY OF UNCONNECTED BUILDING,Southwark,51,53,66,49,50,32,57,50,59,51,61,35,62,49,40,62,58,42,50,41,46,48,42,46
DRUG OFFENCES,POSSESSION OF DRUGS,Southwark,68,52,71,75,65,69,63,77,122,136,132,91,100,117,114,100,116,110,113,126,135,117,108,106
DRUG OFFENCES,TRAFFICKING OF DRUGS,Southwark,26,36,31,34,42,33,67,101,113,105,87,86,90,60,59,52,64,37,54,38,33,30,53,41
FRAUD AND FORGERY,FRAUD AND FORGERY,Southwark,0,0,0,2,1,1,0,1,0,0,0,0,0,1,0,0,0,0,0,0,0,0,0,0
MISCELLANEOUS CRIMES AGAINST SOCIETY,MISC CRIMES AGAINST SOCIETY,Southwark,14,14,23,32,20,22,23,26,27,26,29,24,26,39,35,27,43,27,25,32,40,26,34,42
POSSESSION OF WEAPONS,POSSESSION OF WEAPONS,Southwark,22,14,14,17,23,23,31,19,18,34,26,13,14,23,32,37,28,32,20,20,34,26,32,19
PUBLIC ORDER OFFENCES,OTHER OFFENCES PUBLIC ORDER,Southwark,19,17,22,19,20,17,22,28,35,19,18,22,27,33,28,27,31,24,21,31,27,25,22,23
PUBLIC ORDER OFFENCES,PUBLIC FEAR ALARM OR DISTRESS,Southwark,94,94,110,113,109,126,109,105,95,93,84,97,88,96,105,127,139,107,135,97,91,95,75,93
PUBLIC ORDER OFFENCES,RACE OR RELIGIOUS AGG PUBLIC FEAR,Southwark,32,36,45,42,42,46,26,39,29,34,29,34,44,31,35,37,50,42,34,38,49,38,32,32
PUBLIC ORDER OFFENCES,VIOLENT DISORDER,Southwark,0,1,0,0,0,0,0,0,0,0,0,0,0,0,0,0,1,0,0,0,0,0,0,0
ROBBERY,ROBBERY OF BUSINESS PROPERTY,Southwark,25,25,24,28,23,31,12,27,27,17,12,14,14,22,32,29,29,27,29,21,42,35,35,32
ROBBERY,ROBBERY OF PERSONAL PROPERTY,Southwark,172,138,163,131,118,168,145,182,138,137,144,124,157,138,147,144,121,116,114,103,156,140,127,144
SEXUAL OFFENCES,OTHER SEXUAL OFFENCES,Southwark,45,57,65,63,68,59,53,68,75,60,54,48,59,68,67,69,83,63,55,61,47,47,51,53
SEXUAL OFFENCES,RAPE,Southwark,22,21,25,33,32,31,36,21,36,28,43,36,34,32,42,42,61,40,30,43,32,33,41,31
THEFT,BICYCLE THEFT,Southwark,81,93,119,110,111,119,148,108,75,74,62,64,73,83,104,120,123,101,91,115,97,53,73,70
THEFT,OTHER THEFT,Southwark,442,417,443,432,404,429,417,447,422,463,376,354,359,372,463,437,488,470,430,490,444,455,379,361
THEFT,SHOPLIFTING,Southwark,128,188,162,179,263,393,525,553,534,370,285,215,260,236,223,197,213,237,246,235,209,210,248,257
THEFT,THEFT FROM THE PERSON,Southwark,687,723,602,601,622,694,594,661,579,409,439,522,653,630,670,667,515,510,584,583,594,630,534,553
VEHICLE OFFENCES,AGGRAVATED VEHICLE TAKING,Southwark,4,0,0,1,2,3,0,1,1,0,3,1,0,2,4,3,2,0,1,1,0,1,0,2
VEHICLE OFFENCES,INTERFERING WITH A MOTOR VEHICLE,Southwark,27,14,29,31,17,26,24,17,11,33,16,20,26,16,26,23,17,17,25,27,29,16,22,12
VEHICLE OFFENCES,THEFT FROM A VEHICLE,Southwark,126,115,144,140,117,142,156,115,88,146,117,133,114,113,106,108,114,106,78,101,103,97,85,72
VEHICLE OFFENCES,THEFT OR UNAUTH TAKING OF A MOTOR VEH,Southwark,95,78,80,63,97,83,56,100,92,75,79,71,79,72,100,88,90,101,79,82,70,54,61,87
VIOLENCE AGAINST THE PERSON,DEATH SERIOUS INJURY ILLEGAL DRIVING,Southwark,0,0,0,0,0,1,1,0,1,0,1,0,0,0,1,0,2,0,0,0,0,0,0,0
VIOLENCE AGAINST THE PERSON,HOMICIDE,Southwark,0,0,0,1,0,0,0,0,2,1,0,0,1,1,0,0,2,1,1,0,1,1,0,1
VIOLENCE AGAINST THE PERSON,STALKING AND HARASSMENT,Southwark,159,140,144,179,148,129,158,172,148,170,175,178,175,155,203,162,201,214,194,210,181,163,187,204
VIOLENCE AGAINST THE PERSON,VIOLENCE WITH INJURY,Southwark,204,197,245,248,261,206,205,205,189,219,215,190,239,192,203,228,239,228,206,197,201,193,182,213
VIOLENCE AGAINST THE PERSON,VIOLENCE WITHOUT INJURY,Southwark,291,308,353,329,306,294,303,316,320,333,320,292,336,310,357,423,389,386,308,413,359,357,340,285
ARSON AND CRIMINAL DAMAGE,ARSON,Sutton,3,2,4,5,18,29,5,4,5,2,1,5,2,6,1,3,2,4,0,8,2,1,0,2
ARSON AND CRIMINAL DAMAGE,CRIMINAL DAMAGE,Sutton,78,69,82,69,100,112,70,73,88,83,61,61,81,91,89,83,106,72,67,80,89,70,75,55
BURGLARY,BURGLARY BUSINESS AND COMMUNITY,Sutton,18,17,19,6,9,19,22,22,13,13,9,16,11,15,18,17,19,28,16,10,13,14,8,11
BURGLARY,RES BURGLARY OF A HOME,Sutton,49,35,28,36,34,48,39,42,38,42,57,31,41,44,50,52,43,42,38,38,38,41,39,34
BURGLARY,RES BURGLARY OF UNCONNECTED BUILDING,Sutton,26,23,23,8,15,6,14,28,12,10,11,14,14,15,11,11,20,13,18,9,16,13,10,11
DRUG OFFENCES,POSSESSION OF DRUGS,Sutton,11,23,19,21,27,22,24,34,37,30,39,44,51,38,33,30,35,34,39,40,54,41,31,35
DRUG OFFENCES,TRAFFICKING OF DRUGS,Sutton,7,5,18,9,18,16,20,35,32,20,19,8,19,15,22,24,25,27,26,18,12,16,20,11
FRAUD AND FORGERY,FRAUD AND FORGERY,Sutton,1,1,0,0,0,0,1,0,0,0,0,0,0,0,0,0,0,0,0,0,0,0,0,0
MISCELLANEOUS CRIMES AGAINST SOCIETY,MISC CRIMES AGAINST SOCIETY,Sutton,12,12,22,15,15,10,12,12,18,13,20,15,12,18,27,14,22,11,16,20,17,18,21,17
POSSESSION OF WEAPONS,POSSESSION OF WEAPONS,Sutton,8,8,7,5,8,3,11,8,7,6,8,7,7,10,6,8,7,8,9,9,14,10,5,8
PUBLIC ORDER OFFENCES,OTHER OFFENCES PUBLIC ORDER,Sutton,10,11,15,12,14,6,20,11,8,28,9,9,15,24,14,17,20,17,15,14,13,30,9,22
PUBLIC ORDER OFFENCES,PUBLIC FEAR ALARM OR DISTRESS,Sutton,50,42,69,41,66,50,46,69,41,46,39,53,53,39,49,49,70,51,53,55,43,44,51,44
PUBLIC ORDER OFFENCES,RACE OR RELIGIOUS AGG PUBLIC FEAR,Sutton,19,14,24,21,21,25,22,15,16,14,12,5,9,18,16,19,17,13,39,18,22,16,17,14
PUBLIC ORDER OFFENCES,VIOLENT DISORDER,Sutton,0,0,0,0,1,0,0,0,0,0,0,0,1,0,0,0,0,0,0,0,0,0,0,0
ROBBERY,ROBBERY OF BUSINESS PROPERTY,Sutton,6,11,8,6,12,6,5,6,4,11,3,3,8,8,11,15,15,11,14,7,11,10,6,12
ROBBERY,ROBBERY OF PERSONAL PROPERTY,Sutton,28,19,19,27,17,12,17,15,14,16,13,25,24,12,17,7,11,12,13,21,10,4,14,18
SEXUAL OFFENCES,OTHER SEXUAL OFFENCES,Sutton,30,20,14,22,23,18,17,35,20,27,27,24,19,18,28,20,32,17,29,22,17,19,42,32
SEXUAL OFFENCES,RAPE,Sutton,20,7,9,9,12,8,11,12,5,11,15,14,9,15,9,17,18,12,16,13,12,12,16,12
THEFT,BICYCLE THEFT,Sutton,12,13,16,16,7,8,10,12,9,4,5,10,9,14,15,5,8,7,7,7,5,7,5,6
THEFT,OTHER THEFT,Sutton,88,73,90,105,88,83,82,83,77,95,78,59,78,76,71,77,86,93,80,78,70,89,72,85
THEFT,SHOPLIFTING,Sutton,91,111,165,159,164,135,128,150,95,68,94,102,95,150,159,102,84,98,126,146,113,89,89,109
THEFT,THEFT FROM THE PERSON,Sutton,22,13,25,18,23,13,24,20,20,23,27,25,22,23,10,9,20,26,16,19,25,16,16,12
VEHICLE OFFENCES,AGGRAVATED VEHICLE TAKING,Sutton,1,0,1,4,1,2,0,1,1,0,1,0,0,0,1,1,0,0,0,1,0,0,0,2
VEHICLE OFFENCES,INTERFERING WITH A MOTOR VEHICLE,Sutton,11,11,16,19,11,22,21,24,34,16,18,11,19,11,14,18,19,6,12,23,17,18,22,19
VEHICLE OFFENCES,THEFT FROM A VEHICLE,Sutton,51,44,50,33,51,52,62,74,59,49,42,38,38,39,63,49,45,49,45,39,57,39,44,55
VEHICLE OFFENCES,THEFT OR UNAUTH TAKING OF A MOTOR VEH,Sutton,32,36,50,27,42,38,46,64,50,27,47,29,54,52,46,39,35,41,43,33,54,36,39,25
VIOLENCE AGAINST THE PERSON,DEATH SERIOUS INJURY ILLEGAL DRIVING,Sutton,0,0,0,1,0,0,0,0,1,0,0,0,0,0,0,0,0,0,0,0,1,0,0,0
VIOLENCE AGAINST THE PERSON,HOMICIDE,Sutton,0,0,0,0,0,0,0,0,0,1,0,0,0,0,0,0,0,0,0,0,0,0,0,0
VIOLENCE AGAINST THE PERSON,STALKING AND HARASSMENT,Sutton,109,87,112,90,113,79,82,80,84,89,97,100,112,103,112,108,117,105,99,125,130,84,87,89
VIOLENCE AGAINST THE PERSON,VIOLENCE WITH INJURY,Sutton,89,97,108,100,132,111,104,88,91,99,94,90,122,127,130,107,112,85,105,93,92,78,87,78
VIOLENCE AGAINST THE PERSON,VIOLENCE WITHOUT INJURY,Sutton,162,147,186,176,202,149,159,180,173,190,145,150,184,154,169,191,208,151,196,208,216,185,182,181
ARSON AND CRIMINAL DAMAGE,ARSON,Tower Hamlets,9,6,3,5,13,8,5,3,4,6,4,2,4,6,9,3,7,3,4,8,1,1,3,6
ARSON AND CRIMINAL DAMAGE,CRIMINAL DAMAGE,Tower Hamlets,142,168,179,181,195,179,178,159,175,172,140,131,185,179,179,157,186,175,175,152,159,165,133,157
BURGLARY,BURGLARY BUSINESS AND COMMUNITY,Tower Hamlets,78,77,82,85,92,77,82,108,95,78,101,56,64,75,44,60,63,65,119,109,114,82,82,75
BURGLARY,RES BURGLARY OF A HOME,Tower Hamlets,52,60,52,55,64,78,76,62,86,93,74,38,33,42,37,27,49,52,57,62,76,57,53,37
BURGLARY,RES BURGLARY OF UNCONNECTED BUILDING,Tower Hamlets,61,52,39,40,37,39,41,66,73,80,73,39,62,43,58,54,50,82,90,80,86,72,77,55
DRUG OFFENCES,POSSESSION OF DRUGS,Tower Hamlets,110,93,102,106,102,559,148,146,139,108,100,95,114,139,118,309,152,128,148,129,141,166,128,91
DRUG OFFENCES,TRAFFICKING OF DRUGS,Tower Hamlets,23,44,56,57,71,43,62,80,61,58,79,41,62,90,122,96,102,49,94,79,85,77,46,35
FRAUD AND FORGERY,FRAUD AND FORGERY,Tower Hamlets,1,1,0,0,0,0,3,0,0,1,0,0,0,0,0,2,0,0,0,0,0,0,1,0
MISCELLANEOUS CRIMES AGAINST SOCIETY,MISC CRIMES AGAINST SOCIETY,Tower Hamlets,16,21,20,37,33,36,34,46,45,35,43,39,39,33,38,45,58,35,41,43,31,34,30,41
NFIB FRAUD,NFIB,Tower Hamlets,1,0,1,0,0,0,0,0,0,0,0,0,0,0,1,0,0,0,0,0,0,0,0,0
POSSESSION OF WEAPONS,POSSESSION OF WEAPONS,Tower Hamlets,20,9,21,18,15,18,20,21,28,16,19,10,32,20,26,21,29,31,19,25,19,29,19,25
PUBLIC ORDER OFFENCES,OTHER OFFENCES PUBLIC ORDER,Tower Hamlets,31,24,38,29,45,32,28,35,30,30,29,21,38,33,29,41,33,41,23,33,39,33,26,43
PUBLIC ORDER OFFENCES,PUBLIC FEAR ALARM OR DISTRESS,Tower Hamlets,127,119,144,156,141,120,130,148,108,100,120,98,129,124,132,150,148,135,129,126,123,122,97,104
PUBLIC ORDER OFFENCES,RACE OR RELIGIOUS AGG PUBLIC FEAR,Tower Hamlets,37,41,46,35,67,75,50,41,34,36,31,31,58,39,41,47,70,71,63,68,50,44,33,43
PUBLIC ORDER OFFENCES,VIOLENT DISORDER,Tower Hamlets,0,0,2,1,1,0,0,0,0,0,0,0,0,0,1,0,0,0,1,0,0,0,0,0
ROBBERY,ROBBERY OF BUSINESS PROPERTY,Tower Hamlets,27,26,32,28,25,26,41,32,35,29,26,20,25,26,23,40,38,50,32,38,29,28,22,25
ROBBERY,ROBBERY OF PERSONAL PROPERTY,Tower Hamlets,94,90,119,91,82,96,102,97,80,78,65,81,89,75,64,82,80,86,71,75,87,75,73,61
SEXUAL OFFENCES,OTHER SEXUAL OFFENCES,Tower Hamlets,45,50,54,63,67,57,50,52,56,57,39,57,44,61,68,79,78,59,59,66,52,69,62,69
SEXUAL OFFENCES,RAPE,Tower Hamlets,21,28,34,30,34,29,37,38,45,34,38,34,35,39,47,40,42,34,27,51,38,34,40,32
THEFT,BICYCLE THEFT,Tower Hamlets,97,87,94,87,135,95,100,132,108,76,73,69,111,84,82,109,95,112,90,115,102,60,65,56
THEFT,OTHER THEFT,Tower Hamlets,341,337,355,332,360,358,291,334,342,340,300,291,353,360,350,305,356,367,351,376,334,358,286,293
THEFT,SHOPLIFTING,Tower Hamlets,165,210,252,217,238,216,183,214,228,206,257,172,187,204,295,342,316,324,266,244,214,255,245,225
THEFT,THEFT FROM THE PERSON,Tower Hamlets,359,307,314,249,312,383,288,270,258,223,170,212,257,249,249,244,252,213,190,201,278,261,182,208
VEHICLE OFFENCES,AGGRAVATED VEHICLE TAKING,Tower Hamlets,3,1,2,2,3,4,1,4,1,1,1,2,0,2,2,3,0,1,1,9,0,2,1,1
VEHICLE OFFENCES,INTERFERING WITH A MOTOR VEHICLE,Tower Hamlets,49,34,43,18,24,18,32,23,28,19,15,14,16,26,13,27,21,35,33,18,26,28,16,28
VEHICLE OFFENCES,THEFT FROM A VEHICLE,Tower Hamlets,147,129,141,168,161,157,144,163,166,140,119,79,85,119,109,90,113,107,115,106,103,113,122,144
VEHICLE OFFENCES,THEFT OR UNAUTH TAKING OF A MOTOR VEH,Tower Hamlets,81,93,105,101,94,99,119,83,115,70,76,69,62,62,69,81,99,76,83,87,82,54,74,87
VIOLENCE AGAINST THE PERSON,DEATH SERIOUS INJURY ILLEGAL DRIVING,Tower Hamlets,0,0,0,2,1,0,0,2,0,0,0,0,1,0,1,1,0,0,0,2,1,1,1,0
VIOLENCE AGAINST THE PERSON,HOMICIDE,Tower Hamlets,0,0,2,0,0,4,1,0,1,0,0,0,0,1,0,1,0,1,0,0,0,0,0,0
VIOLENCE AGAINST THE PERSON,STALKING AND HARASSMENT,Tower Hamlets,193,185,219,198,197,252,252,216,186,183,217,238,203,208,220,229,255,236,224,257,243,224,206,204
VIOLENCE AGAINST THE PERSON,VIOLENCE WITH INJURY,Tower Hamlets,223,198,214,201,250,207,183,203,212,181,180,168,247,230,241,240,243,220,208,210,210,233,176,174
VIOLENCE AGAINST THE PERSON,VIOLENCE WITHOUT INJURY,Tower Hamlets,377,372,440,421,444,393,401,394,391,382,360,361,449,402,442,421,489,447,403,441,420,392,389,402
ARSON AND CRIMINAL DAMAGE,ARSON,Unknown,6,4,6,4,7,12,7,2,0,1,0,0,0,0,2,1,1,0,0,0,0,0,0,1
ARSON AND CRIMINAL DAMAGE,CRIMINAL DAMAGE,Unknown,71,74,73,51,161,75,25,15,8,8,11,12,10,7,12,13,11,2,8,10,9,8,17,8
BURGLARY,BURGLARY BUSINESS AND COMMUNITY,Unknown,37,35,40,24,48,35,17,4,5,4,8,5,3,0,2,3,0,2,1,2,1,2,4,4
BURGLARY,RES BURGLARY OF A HOME,Unknown,30,32,46,16,49,23,9,4,2,1,3,3,0,1,0,0,2,0,0,3,0,3,0,4
BURGLARY,RES BURGLARY OF UNCONNECTED BUILDING,Unknown,15,16,18,4,18,6,0,3,1,4,0,2,1,1,0,0,0,1,0,0,1,1,1,1
DRUG OFFENCES,POSSESSION OF DRUGS,Unknown,69,60,66,32,109,65,29,4,5,0,2,3,3,4,7,4,9,11,5,10,6,5,11,9
DRUG OFFENCES,TRAFFICKING OF DRUGS,Unknown,61,16,6,0,43,8,6,6,4,1,1,2,3,1,4,4,8,3,3,4,5,3,7,4
FRAUD AND FORGERY,FRAUD AND FORGERY,Unknown,2,1,2,0,0,0,0,0,0,0,0,0,0,0,0,0,0,0,0,0,0,0,0,0
MISCELLANEOUS CRIMES AGAINST SOCIETY,MISC CRIMES AGAINST SOCIETY,Unknown,16,24,25,19,50,23,13,10,11,1,8,5,3,5,5,2,7,3,4,8,3,2,2,3
NFIB FRAUD,NFIB,Unknown,1,0,0,0,0,0,0,0,0,0,0,0,0,0,0,0,0,0,0,0,0,0,0,0
POSSESSION OF WEAPONS,POSSESSION OF WEAPONS,Unknown,15,11,8,13,23,15,1,1,2,1,1,0,1,3,4,2,4,1,1,1,3,1,3,2
PUBLIC ORDER OFFENCES,OTHER OFFENCES PUBLIC ORDER,Unknown,18,20,10,12,28,9,4,3,3,4,2,1,2,4,2,1,4,7,1,3,1,3,1,1
PUBLIC ORDER OFFENCES,PUBLIC FEAR ALARM OR DISTRESS,Unknown,61,62,77,58,106,65,19,5,5,6,4,9,7,2,8,7,7,7,6,3,8,9,7,0
PUBLIC ORDER OFFENCES,RACE OR RELIGIOUS AGG PUBLIC FEAR,Unknown,26,23,27,18,56,31,10,3,3,0,4,1,3,1,3,6,4,6,7,3,4,0,2,2
PUBLIC ORDER OFFENCES,VIOLENT DISORDER,Unknown,1,0,0,0,0,0,0,0,0,0,0,0,0,0,0,0,0,0,0,0,0,0,0,0
ROBBERY,ROBBERY OF BUSINESS PROPERTY,Unknown,10,15,14,11,19,17,7,3,1,2,2,2,1,3,0,3,3,1,1,0,0,3,0,0
ROBBERY,ROBBERY OF PERSONAL PROPERTY,Unknown,67,51,71,48,105,48,22,5,2,0,1,4,1,3,2,6,3,4,3,2,2,4,6,2
SEXUAL OFFENCES,OTHER SEXUAL OFFENCES,Unknown,32,41,52,37,83,47,16,5,3,5,4,8,6,7,3,5,5,8,3,11,6,2,6,6
SEXUAL OFFENCES,RAPE,Unknown,23,13,21,30,46,36,10,3,4,6,0,2,4,5,2,10,3,5,5,2,5,3,4,2
THEFT,BICYCLE THEFT,Unknown,22,21,29,17,28,12,7,6,5,1,2,3,2,1,4,1,1,1,3,2,3,1,2,2
THEFT,OTHER THEFT,Unknown,144,139,131,137,229,125,44,30,17,14,19,15,20,10,23,24,14,10,13,14,14,15,23,12
THEFT,SHOPLIFTING,Unknown,88,110,99,78,120,113,45,23,32,21,14,21,15,25,18,13,12,17,24,16,19,16,30,10
THEFT,THEFT FROM THE PERSON,Unknown,187,187,182,137,332,169,54,26,21,15,9,20,18,11,15,22,13,13,18,22,15,20,31,19
VEHICLE OFFENCES,AGGRAVATED VEHICLE TAKING,Unknown,1,1,1,3,2,0,1,0,1,0,0,0,1,0,0,0,0,0,0,0,0,0,0,0
VEHICLE OFFENCES,INTERFERING WITH A MOTOR VEHICLE,Unknown,8,11,8,14,27,6,4,0,1,0,2,3,2,1,2,1,1,2,2,0,0,2,7,0
VEHICLE OFFENCES,THEFT FROM A VEHICLE,Unknown,65,70,60,56,116,50,26,16,8,8,6,7,9,5,9,4,5,6,8,8,6,11,11,13
VEHICLE OFFENCES,THEFT OR UNAUTH TAKING OF A MOTOR VEH,Unknown,29,39,51,25,58,23,11,4,6,6,4,9,3,4,5,6,6,6,3,11,5,4,13,3
VIOLENCE AGAINST THE PERSON,DEATH SERIOUS INJURY ILLEGAL DRIVING,Unknown,1,1,2,2,2,1,0,0,0,0,0,0,0,0,0,0,0,0,0,0,0,0,0,0
VIOLENCE AGAINST THE PERSON,HOMICIDE,Unknown,0,0,0,0,1,0,1,0,0,0,0,0,0,0,0,0,0,0,0,0,0,0,0,0
VIOLENCE AGAINST THE PERSON,STALKING AND HARASSMENT,Unknown,90,71,75,46,93,75,17,13,10,11,9,14,15,16,10,15,13,15,10,15,13,16,14,12
VIOLENCE AGAINST THE PERSON,VIOLENCE WITH INJURY,Unknown,124,96,127,95,185,83,39,7,16,15,13,8,14,15,7,14,11,9,13,10,10,6,12,8
VIOLENCE AGAINST THE PERSON,VIOLENCE WITHOUT INJURY,Unknown,215,158,195,130,321,135,81,22,17,26,20,30,18,19,15,32,13,20,17,21,28,14,24,19
ARSON AND CRIMINAL DAMAGE,ARSON,Waltham Forest,6,2,4,4,4,3,6,3,6,5,1,4,4,5,2,5,3,5,0,8,7,5,4,2
ARSON AND CRIMINAL DAMAGE,CRIMINAL DAMAGE,Waltham Forest,125,151,155,155,167,131,133,188,119,115,143,129,137,115,156,123,136,114,116,135,130,115,121,123
BURGLARY,BURGLARY BUSINESS AND COMMUNITY,Waltham Forest,39,51,59,56,73,68,64,49,38,43,31,41,30,42,42,31,33,30,55,29,35,38,74,47
BURGLARY,RES BURGLARY OF A HOME,Waltham Forest,61,49,58,39,69,78,44,54,47,44,64,58,63,41,47,35,34,55,45,44,75,52,35,67
BURGLARY,RES BURGLARY OF UNCONNECTED BUILDING,Waltham Forest,24,22,26,27,29,22,9,17,19,19,20,14,21,17,35,12,11,17,15,21,11,30,12,9
DRUG OFFENCES,POSSESSION OF DRUGS,Waltham Forest,44,53,45,62,61,58,77,83,52,50,78,105,84,81,72,98,77,78,101,83,88,102,84,74
DRUG OFFENCES,TRAFFICKING OF DRUGS,Waltham Forest,27,39,53,50,48,35,68,80,96,87,68,33,51,88,78,57,69,52,54,55,41,53,72,35
FRAUD AND FORGERY,FRAUD AND FORGERY,Waltham Forest,2,0,0,0,1,1,1,0,0,0,0,0,0,0,0,0,0,0,0,0,1,0,0,0
MISCELLANEOUS CRIMES AGAINST SOCIETY,MISC CRIMES AGAINST SOCIETY,Waltham Forest,13,15,14,29,25,23,17,27,35,20,28,19,33,20,26,17,21,20,30,15,27,26,28,21
NFIB FRAUD,NFIB,Waltham Forest,0,0,0,1,0,0,0,0,0,0,0,0,0,0,0,0,0,0,0,0,0,0,0,0
POSSESSION OF WEAPONS,POSSESSION OF WEAPONS,Waltham Forest,8,16,9,17,20,12,11,23,16,13,8,15,15,21,13,11,13,6,14,13,20,19,13,14
PUBLIC ORDER OFFENCES,OTHER OFFENCES PUBLIC ORDER,Waltham Forest,13,17,14,6,21,9,15,15,8,12,10,12,19,16,23,14,27,9,12,22,18,16,28,10
PUBLIC ORDER OFFENCES,PUBLIC FEAR ALARM OR DISTRESS,Waltham Forest,79,64,75,98,76,79,83,88,95,47,58,49,83,86,91,84,98,62,72,62,59,81,61,66
PUBLIC ORDER OFFENCES,RACE OR RELIGIOUS AGG PUBLIC FEAR,Waltham Forest,33,22,37,27,39,40,35,26,20,19,19,18,29,31,26,36,35,24,34,29,24,23,21,33
PUBLIC ORDER OFFENCES,VIOLENT DISORDER,Waltham Forest,0,1,0,0,1,0,0,0,0,0,0,0,0,0,0,0,0,0,0,0,0,1,0,1
ROBBERY,ROBBERY OF BUSINESS PROPERTY,Waltham Forest,6,16,18,16,20,16,18,27,22,19,20,18,14,15,29,27,20,15,13,15,13,28,21,21
ROBBERY,ROBBERY OF PERSONAL PROPERTY,Waltham Forest,78,58,68,60,49,68,66,80,68,62,50,47,71,51,56,58,50,62,26,47,58,37,40,41
SEXUAL OFFENCES,OTHER SEXUAL OFFENCES,Waltham Forest,32,37,31,38,37,34,26,36,46,38,35,19,28,29,44,38,43,38,49,49,43,32,43,34
SEXUAL OFFENCES,RAPE,Waltham Forest,10,19,22,14,8,17,18,15,20,21,19,9,29,12,15,18,28,15,9,14,22,18,17,20
THEFT,BICYCLE THEFT,Waltham Forest,47,31,64,57,48,42,45,39,35,11,35,38,43,39,51,31,32,44,37,34,41,26,26,13
THEFT,OTHER THEFT,Waltham Forest,237,229,247,241,225,182,193,191,214,224,203,171,213,192,186,175,196,189,197,193,229,208,178,143
THEFT,SHOPLIFTING,Waltham Forest,137,194,204,194,185,136,114,168,171,184,202,171,225,202,230,195,212,194,184,195,145,141,191,184
THEFT,THEFT FROM THE PERSON,Waltham Forest,214,161,171,197,173,203,153,172,211,147,122,122,136,140,176,131,142,101,93,119,107,145,133,114
VEHICLE OFFENCES,AGGRAVATED VEHICLE TAKING,Waltham Forest,4,6,3,3,3,5,3,3,2,1,3,4,1,5,2,3,1,1,0,2,1,1,2,2
VEHICLE OFFENCES,INTERFERING WITH A MOTOR VEHICLE,Waltham Forest,36,45,42,37,35,45,70,90,44,48,30,26,32,22,30,13,27,20,33,18,29,12,12,14
VEHICLE OFFENCES,THEFT FROM A VEHICLE,Waltham Forest,131,195,168,124,148,148,153,191,192,144,121,132,100,125,111,111,117,104,119,78,124,100,94,100
VEHICLE OFFENCES,THEFT OR UNAUTH TAKING OF A MOTOR VEH,Waltham Forest,123,103,153,134,87,134,116,145,132,98,108,91,87,95,101,108,94,84,80,96,91,78,73,69
VIOLENCE AGAINST THE PERSON,DEATH SERIOUS INJURY ILLEGAL DRIVING,Waltham Forest,0,0,0,0,0,0,1,0,1,0,0,0,0,0,0,1,0,0,0,0,0,2,0,1
VIOLENCE AGAINST THE PERSON,HOMICIDE,Waltham Forest,0,3,1,0,1,0,0,0,0,0,0,0,0,0,0,0,1,0,0,0,0,1,0,2
VIOLENCE AGAINST THE PERSON,STALKING AND HARASSMENT,Waltham Forest,133,110,105,123,161,140,138,125,149,147,113,122,163,134,130,165,169,144,141,148,156,132,153,173
VIOLENCE AGAINST THE PERSON,VIOLENCE WITH INJURY,Waltham Forest,143,120,148,162,129,155,135,137,150,123,103,109,146,141,134,139,142,123,138,128,125,107,115,123
VIOLENCE AGAINST THE PERSON,VIOLENCE WITHOUT INJURY,Waltham Forest,235,243,242,243,287,256,227,244,250,248,222,232,239,270,253,266,250,212,244,261,265,262,268,240
ARSON AND CRIMINAL DAMAGE,ARSON,Wandsworth,5,6,5,10,4,5,4,6,3,5,6,5,9,7,10,3,5,7,3,3,3,3,6,2
ARSON AND CRIMINAL DAMAGE,CRIMINAL DAMAGE,Wandsworth,147,129,130,117,145,113,135,116,138,110,127,99,148,123,144,152,125,147,127,130,113,119,133,142
BURGLARY,BURGLARY BUSINESS AND COMMUNITY,Wandsworth,51,33,54,41,55,55,59,56,51,64,65,32,45,29,33,36,41,61,39,47,45,45,34,38
BURGLARY,RES BURGLARY OF A HOME,Wandsworth,47,54,48,52,56,67,50,58,63,48,48,37,39,41,34,68,50,74,43,48,44,50,43,52
BURGLARY,RES BURGLARY OF UNCONNECTED BUILDING,Wandsworth,54,35,39,35,49,53,32,38,44,40,34,34,38,36,39,44,56,47,53,35,47,47,47,34
DRUG OFFENCES,POSSESSION OF DRUGS,Wandsworth,50,36,34,37,41,52,57,59,62,71,69,49,60,66,53,67,62,70,77,76,56,61,54,59
DRUG OFFENCES,TRAFFICKING OF DRUGS,Wandsworth,29,22,23,17,25,31,28,28,36,56,50,41,21,39,64,54,65,71,107,82,29,33,34,36
FRAUD AND FORGERY,FRAUD AND FORGERY,Wandsworth,0,0,2,1,0,0,0,0,0,0,0,0,0,0,0,0,0,0,0,0,0,0,1,0
MISCELLANEOUS CRIMES AGAINST SOCIETY,MISC CRIMES AGAINST SOCIETY,Wandsworth,10,29,14,20,19,20,31,30,30,18,35,37,31,38,31,45,29,27,24,28,32,24,36,33
POSSESSION OF WEAPONS,POSSESSION OF WEAPONS,Wandsworth,8,9,9,12,8,14,13,11,17,11,14,14,14,15,13,21,24,25,14,11,11,18,13,18
PUBLIC ORDER OFFENCES,OTHER OFFENCES PUBLIC ORDER,Wandsworth,16,16,17,18,17,16,14,24,21,12,16,17,22,23,24,21,27,20,16,20,17,21,16,17
PUBLIC ORDER OFFENCES,PUBLIC FEAR ALARM OR DISTRESS,Wandsworth,84,85,78,102,105,106,81,95,96,66,81,69,77,97,103,122,120,104,93,93,87,90,68,67
PUBLIC ORDER OFFENCES,RACE OR RELIGIOUS AGG PUBLIC FEAR,Wandsworth,32,43,20,32,43,39,42,42,35,35,36,24,27,33,26,39,33,38,29,34,33,34,40,27
PUBLIC ORDER OFFENCES,VIOLENT DISORDER,Wandsworth,1,0,0,0,0,0,0,0,0,0,0,0,0,0,0,0,0,0,0,0,0,0,0,0
ROBBERY,ROBBERY OF BUSINESS PROPERTY,Wandsworth,21,11,15,21,24,22,23,26,25,23,26,12,21,24,23,28,17,28,30,23,18,16,23,18
ROBBERY,ROBBERY OF PERSONAL PROPERTY,Wandsworth,58,37,60,55,58,43,38,42,49,69,39,34,41,56,54,39,39,45,42,38,31,40,50,52
SEXUAL OFFENCES,OTHER SEXUAL OFFENCES,Wandsworth,33,48,45,38,53,50,39,42,48,35,64,44,57,42,48,75,52,47,44,44,37,49,50,37
SEXUAL OFFENCES,RAPE,Wandsworth,15,19,23,32,15,14,23,20,25,21,23,28,24,23,22,28,38,28,27,19,28,21,26,27
THEFT,BICYCLE THEFT,Wandsworth,64,81,92,91,73,59,60,48,37,28,24,26,47,57,65,75,63,56,56,63,64,45,45,47
THEFT,OTHER THEFT,Wandsworth,300,252,294,281,279,265,279,245,225,247,199,203,218,217,252,251,241,208,235,292,260,255,250,207
THEFT,SHOPLIFTING,Wandsworth,220,209,174,206,246,263,247,218,243,257,258,201,235,262,226,224,283,349,256,227,164,181,158,189
THEFT,THEFT FROM THE PERSON,Wandsworth,117,87,75,94,100,103,114,124,149,160,94,136,122,136,144,141,133,123,90,125,148,100,75,72
VEHICLE OFFENCES,AGGRAVATED VEHICLE TAKING,Wandsworth,3,1,1,1,1,3,1,0,0,1,0,0,0,3,1,1,1,1,1,1,1,2,1,1
VEHICLE OFFENCES,INTERFERING WITH A MOTOR VEHICLE,Wandsworth,42,34,27,29,30,35,29,15,16,23,36,27,28,21,32,25,34,33,30,26,25,32,30,20
VEHICLE OFFENCES,THEFT FROM A VEHICLE,Wandsworth,212,196,216,183,187,110,130,121,131,126,129,150,131,121,168,162,120,154,157,200,158,136,154,119
VEHICLE OFFENCES,THEFT OR UNAUTH TAKING OF A MOTOR VEH,Wandsworth,71,78,81,66,75,88,80,74,71,59,69,67,98,73,96,100,99,93,58,71,49,56,63,75
VIOLENCE AGAINST THE PERSON,DEATH SERIOUS INJURY ILLEGAL DRIVING,Wandsworth,0,2,1,0,0,1,0,0,1,0,1,1,0,0,1,1,0,0,0,2,0,2,0,1
VIOLENCE AGAINST THE PERSON,HOMICIDE,Wandsworth,0,0,0,0,0,0,0,1,0,0,1,0,0,0,0,0,0,1,0,1,0,0,0,0
VIOLENCE AGAINST THE PERSON,STALKING AND HARASSMENT,Wandsworth,113,107,118,153,123,139,127,121,108,119,98,134,123,121,123,167,170,142,156,170,141,154,145,143
VIOLENCE AGAINST THE PERSON,VIOLENCE WITH INJURY,Wandsworth,189,155,210,186,183,188,164,159,176,154,149,143,143,153,186,197,180,167,165,190,172,149,139,142
VIOLENCE AGAINST THE PERSON,VIOLENCE WITHOUT INJURY,Wandsworth,248,229,324,267,319,294,300,258,265,269,266,255,312,297,303,319,387,331,263,324,296,292,319,292
ARSON AND CRIMINAL DAMAGE,ARSON,Westminster,4,6,3,6,8,6,6,6,3,5,10,5,6,7,4,2,8,5,4,4,5,5,5,2
ARSON AND CRIMINAL DAMAGE,CRIMINAL DAMAGE,Westminster,210,209,206,161,201,204,192,215,185,214,171,187,204,232,187,203,195,225,199,199,194,178,175,168
BURGLARY,BURGLARY BUSINESS AND COMMUNITY,Westminster,139,165,164,157,208,155,100,131,153,176,144,109,129,147,166,143,123,103,114,147,138,129,118,109
BURGLARY,RES BURGLARY OF A HOME,Westminster,79,60,73,81,78,79,89,91,75,79,72,83,58,79,80,84,84,92,65,76,60,55,75,53
BURGLARY,RES BURGLARY OF UNCONNECTED BUILDING,Westminster,33,31,29,20,26,22,23,28,28,33,31,39,26,27,22,22,33,26,38,33,28,41,30,36
DRUG OFFENCES,POSSESSION OF DRUGS,Westminster,183,124,120,149,139,234,154,136,150,162,175,121,119,204,145,153,138,396,167,159,200,176,191,174
DRUG OFFENCES,TRAFFICKING OF DRUGS,Westminster,23,43,28,38,42,35,36,34,45,27,33,31,47,40,65,58,51,38,41,83,64,55,47,27
FRAUD AND FORGERY,FRAUD AND FORGERY,Westminster,1,0,1,0,1,0,0,0,0,0,1,1,1,0,0,1,0,0,0,0,0,0,1,0
MISCELLANEOUS CRIMES AGAINST SOCIETY,MISC CRIMES AGAINST SOCIETY,Westminster,26,24,19,31,17,31,39,34,26,42,36,37,45,43,51,41,48,43,25,32,37,37,42,46
NFIB FRAUD,NFIB,Westminster,0,0,1,0,0,0,0,0,0,0,0,0,0,0,0,0,0,0,0,0,0,0,0,0
POSSESSION OF WEAPONS,POSSESSION OF WEAPONS,Westminster,19,19,23,22,34,52,27,21,19,20,34,22,21,30,25,30,36,38,33,30,35,34,29,27
PUBLIC ORDER OFFENCES,OTHER OFFENCES PUBLIC ORDER,Westminster,40,43,34,39,43,38,35,28,35,37,31,31,26,22,27,34,43,42,33,42,31,41,43,42
PUBLIC ORDER OFFENCES,PUBLIC FEAR ALARM OR DISTRESS,Westminster,174,154,183,179,190,192,179,145,155,151,135,143,171,145,147,167,186,197,192,184,184,185,147,147
PUBLIC ORDER OFFENCES,RACE OR RELIGIOUS AGG PUBLIC FEAR,Westminster,58,91,89,94,92,102,108,101,107,59,58,62,73,93,97,110,90,78,97,92,81,70,90,62
PUBLIC ORDER OFFENCES,VIOLENT DISORDER,Westminster,0,1,2,1,1,3,0,0,1,1,0,1,0,0,0,0,0,1,7,0,0,1,11,2
ROBBERY,ROBBERY OF BUSINESS PROPERTY,Westminster,22,25,52,27,33,38,34,48,44,36,43,43,42,48,51,43,59,55,55,77,65,49,67,41
ROBBERY,ROBBERY OF PERSONAL PROPERTY,Westminster,254,221,284,289,278,264,279,298,317,325,261,259,193,226,221,241,257,254,220,215,214,241,172,139
SEXUAL OFFENCES,OTHER SEXUAL OFFENCES,Westminster,74,87,74,99,116,91,92,88,92,118,78,75,91,109,109,91,123,126,90,81,74,112,103,69
SEXUAL OFFENCES,RAPE,Westminster,32,29,35,28,26,44,28,38,38,26,40,25,24,42,38,57,41,40,36,36,24,33,21,40
THEFT,BICYCLE THEFT,Westminster,74,71,92,101,90,104,98,106,75,62,67,56,80,77,94,71,106,105,106,103,71,61,47,52
THEFT,OTHER THEFT,Westminster,1412,1279,1496,1637,1549,1313,1230,1726,1803,1743,1265,1312,1236,1352,1372,1482,1625,1500,1278,1370,1581,1678,1131,1095
THEFT,SHOPLIFTING,Westminster,497,529,608,611,607,564,527,552,553,573,541,567,605,663,686,691,660,638,652,712,717,742,655,690
THEFT,THEFT FROM THE PERSON,Westminster,3348,2818,2150,2332,2156,1815,1930,2794,3833,4101,2794,2679,2578,2034,1782,1900,1911,1501,1457,1629,2446,2471,1686,1453
VEHICLE OFFENCES,AGGRAVATED VEHICLE TAKING,Westminster,1,1,0,2,1,1,0,1,2,1,1,1,1,2,0,0,1,0,1,0,0,1,2,1
VEHICLE OFFENCES,INTERFERING WITH A MOTOR VEHICLE,Westminster,26,19,29,28,13,20,20,19,14,20,19,20,19,30,23,20,22,28,27,17,15,16,19,12
VEHICLE OFFENCES,THEFT FROM A VEHICLE,Westminster,291,334,278,293,239,301,251,290,280,300,269,337,300,289,270,182,195,241,205,242,220,188,155,103
VEHICLE OFFENCES,THEFT OR UNAUTH TAKING OF A MOTOR VEH,Westminster,58,60,48,52,44,41,66,65,48,42,48,49,46,45,62,47,58,66,64,45,48,45,43,63
VIOLENCE AGAINST THE PERSON,DEATH SERIOUS INJURY ILLEGAL DRIVING,Westminster,2,0,0,3,1,1,1,2,0,0,0,0,1,0,0,0,1,0,0,0,2,0,0,0
VIOLENCE AGAINST THE PERSON,HOMICIDE,Westminster,1,1,0,2,0,1,0,1,0,1,0,0,0,0,0,0,0,0,0,0,0,1,0,0
VIOLENCE AGAINST THE PERSON,STALKING AND HARASSMENT,Westminster,125,165,161,128,144,192,181,167,161,153,163,166,179,156,199,171,200,190,182,244,154,168,174,178
VIOLENCE AGAINST THE PERSON,VIOLENCE WITH INJURY,Westminster,265,228,293,268,254,260,254,277,250,279,236,203,239,241,253,304,309,291,269,233,295,265,234,197
VIOLENCE AGAINST THE PERSON,VIOLENCE WITHOUT INJURY,Westminster,406,420,440,493,522,577,455,522,496,537,453,409,494,430,519,526,498,500,564,508,505,531,476,434
